종목코드,종목명,시장구분,소속부,종가,대비,등락률,시가,고가,저가,거래량,거래대금,시가총액,상장주식수
"060310","3S","KOSDAQ","벤처기업부","1830","-32","-1.72","1859","1869","1818","267776","490953106","97098043200","53059040"
"095570","AJ네트웍스","KOSPI",,"4275","-50","-1.16","4305","4305","4200","301081","1277728153","193455544725","45252759"
"006840","AK홀딩스","KOSPI",,"10380","30","0.29","10450","10450","10250","14396","148667950","137509683180","13247561"
"054620","APS","KOSDAQ","중견기업부","4515","45","1.01","4535","4535","4430","12119","54175480","89822407815","19894221"
"265520","AP시스템","KOSDAQ","우량기업부","18310","-610","-3.22","18870","18960","18130","147642","2717587640","275580532510","15050821"
"211270","AP위성","KOSDAQ","우량기업부","12080","-290","-2.34","12500","12500","12000","44391","539939535","182194232320","15082304"
"139050","BF랩스","KOSDAQ","관리종목(소속부없음)","2805","0","0.00","0","0","0","0","0","24247965555","8644551"
"027410","BGF","KOSPI",,"3855","-60","-1.53","3915","3940","3845","131896","511089230","368988229305","95716791"
"282330","BGF리테일","KOSPI",,"106700","-1700","-1.57","107500","107700","105900","47620","5078702850","1844192770200","17283906"
"126600","BGF에코머티리얼즈","KOSDAQ","우량기업부","2900","-40","-1.36","2960","2960","2850","63065","181949600","182024007100","62766899"
"138930","BNK금융지주","KOSPI",,"14430","-80","-0.55","14370","14450","14250","656130","9430808860","4537154972220","314425154"
"001460","BYC","KOSPI",,"38700","-550","-1.40","39900","39900","38300","2214","85726500","241726005000","6246150"
"001465","BYC우","KOSPI",,"24750","-100","-0.40","24700","24850","24000","1367","33609750","53307787500","2153850"
"083790","CG인바이츠","KOSDAQ","벤처기업부","1672","-13","-0.77","1700","1700","1649","100600","167281736","128567072304","76894182"
"001040","CJ","KOSPI",,"181000","-3000","-1.63","185700","186000","179100","128047","23327894300","5281036638000","29176998"
"079160","CJ CGV","KOSPI",,"4870","-125","-2.50","5000","5020","4800","648947","3163228644","806380614450","165581235"
"035760","CJ ENM","KOSDAQ GLOBAL","중견기업부","74000","-1500","-1.99","75500","76400","73700","51143","3807401150","1622757396000","21929154"
"311690","CJ 바이오사이언스","KOSDAQ","기술성장기업부","9820","-160","-1.60","10030","10030","9740","18743","184312240","128302836840","13065462"
"00104K","CJ4우(전환)","KOSPI",,"152300","-2500","-1.61","154500","154800","149400","13493","2045358500","643697777600","4226512"
"000120","CJ대한통운","KOSPI",,"82300","-700","-0.84","82700","83200","82000","41815","3448853050","1877455911200","22812344"
"011150","CJ씨푸드","KOSPI",,"2795","-30","-1.06","2815","2845","2785","168173","471182113","100426510535","35930773"
"011155","CJ씨푸드1우","KOSPI",,"16610","0","0.00","16420","16610","16420","186","3085520","3322000000","200000"
"001045","CJ우","KOSPI",,"96100","-2100","-2.14","98300","101200","94100","10187","976113650","217207430300","2260223"
"097950","CJ제일제당","KOSPI",,"230500","-3500","-1.50","233000","233500","230000","61198","14118375250","3469989873000","15054186"
"097955","CJ제일제당 우","KOSPI",,"138200","-1500","-1.07","139700","139700","138000","5664","783823300","183451240600","1327433"
"051500","CJ프레시웨이","KOSDAQ","우량기업부","27900","-400","-1.41","28200","28600","27900","23285","656206600","331217249400","11871586"
"058820","CMG제약","KOSDAQ","중견기업부","1839","-21","-1.13","1860","1868","1832","341605","630841172","271574635791","147675169"
"056730","CNT85","KOSDAQ","벤처기업부","725","-5","-0.68","728","733","708","2666","1918190","53730609850","74111186"
"000480","CR홀딩스","KOSPI",,"4800","-70","-1.44","4845","4870","4790","181175","874698547","225074352000","46890490"
"065770","CS","KOSDAQ","벤처기업부","921","-30","-3.15","954","956","905","109623","102748379","17877650730","19411130"
"083660","CSA 코스믹","KOSDAQ","중견기업부","807","-46","-5.39","830","839","788","808002","651203610","49426475067","61247181"
"000590","CS홀딩스","KOSPI",,"80300","-2400","-2.90","82700","82700","80200","1227","99063400","92704904600","1154482"
"012030","DB","KOSPI",,"1526","-34","-2.18","1566","1566","1513","834673","1277211675","306991421758","201173933"
"477760","DB금융스팩12호","KOSDAQ","SPAC(소속부없음)","2085","0","0.00","2090","2090","2070","2325","4827640","12176400000","5840000"
"005830","DB손해보험","KOSPI",,"138800","-900","-0.64","138400","141800","137500","159704","22177850850","9827040000000","70800000"
"016610","DB증권","KOSPI",,"9730","-60","-0.61","9750","9870","9440","116236","1127728345","413003364970","42446389"
"000990","DB하이텍","KOSPI",,"56300","-800","-1.40","56600","57700","55700","426474","24097282900","2499640504400","44398588"
"099520","DGI","KOSDAQ","관리종목(소속부없음)","1284","0","0.00","0","0","0","0","0","58141862016","45281824"
"060900","DGP","KOSDAQ","중견기업부","1705","12","0.71","1699","1711","1699","328040","558150465","44541469445","26124029"
"000300","DH오토넥스","KOSPI",,"1984","0","0.00","0","0","0","0","0","162944308992","82129188"
"290120","DH오토리드","KOSDAQ","우량기업부","2325","5","0.22","2320","2350","2300","16210","37616985","36791378925","15824249"
"025440","DH오토웨어","KOSDAQ","중견기업부","860","6","0.70","851","864","834","140427","119034208","41951852640","48781224"
"001530","DI동일","KOSPI",,"21950","1100","5.28","20000","22200","20000","779508","16721145900","433057696000","19729280"
"015590","DKME","KOSPI",,"515","0","0.00","0","0","0","0","0","122045495160","236981544"
"000210","DL","KOSPI",,"35850","-400","-1.10","36000","36250","35600","40131","1436436750","751268441400","20955884"
"000215","DL우","KOSPI",,"22950","-200","-0.86","23150","23350","22700","5242","120219550","38696339250","1686115"
"375500","DL이앤씨","KOSPI",,"40700","-550","-1.33","40900","41000","40400","156919","6374947175","1574830456100","38693623"
"37550L","DL이앤씨2우(전환)","KOSPI",,"28450","-700","-2.40","30000","30000","28350","2611","74822300","60085005950","2111951"
"37550K","DL이앤씨우","KOSPI",,"18610","-330","-1.74","18960","19310","18560","6033","113134160","39339399850","2113885"
"068790","DMS","KOSDAQ","관리종목(소속부없음)","6330","0","0.00","0","0","0","0","0","149939488590","23687123"
"007340","DN오토모티브","KOSPI",,"22100","-450","-2.00","22350","22350","21750","82374","1807489475","1293090116500","58510865"
"004840","DRB동일","KOSPI",,"4925","-70","-1.40","5020","5020","4870","7309","35841899","98155250000","19930000"
"241520","DSC인베스트먼트","KOSDAQ","중견기업부","7240","-110","-1.50","7350","7350","7150","414081","2995397955","195480000000","27000000"
"155660","DSR","KOSPI",,"3725","-45","-1.19","3770","3870","3690","44824","167116940","59600000000","16000000"
"069730","DSR제강","KOSPI",,"3780","-15","-0.40","3765","3815","3765","9781","36956940","54432000000","14400000"
"017860","DS단석","KOSPI",,"20350","-750","-3.55","20850","21000","20150","108348","2211855800","357838714200","17584212"
"180400","DXVX","KOSDAQ","관리종목(소속부없음)","2120","-20","-0.93","2200","2200","2075","167634","355514585","104345195840","49219432"
"092780","DYP","KOSPI",,"3780","-70","-1.82","3845","3870","3780","14230","54157932","49776778800","13168460"
"017940","E1","KOSPI",,"74700","-2500","-3.24","77400","77800","74700","7016","529576350","512442000000","6860000"
"418620","E8","KOSDAQ","기술성장기업부","3625","-115","-3.07","3740","3740","3595","65378","237208286","46582979125","12850477"
"245620","EDGC","KOSDAQ","관리종목(소속부없음)","415","0","0.00","0","0","0","0","0","57474989665","138493951"
"037370","EG","KOSDAQ","벤처기업부","5270","-190","-3.48","5480","5480","5240","22352","119472285","45453602440","8624972"
"278990","EMB","KONEX","일반기업부","2700","0","0.00","2700","2700","2700","150","405000","13059443700","4836831"
"365550","ESR켄달스퀘어리츠","KOSPI",,"4475","-45","-1.00","4530","4530","4455","239788","1076393320","1101248275000","246089000"
"050120","ES큐브","KOSDAQ","중견기업부","2895","-40","-1.36","2935","2935","2835","5622","16168675","39268028970","13564086"
"383220","F&F","KOSPI",,"63600","-1700","-2.60","64700","65500","62800","58628","3734078550","2436329970000","38307075"
"007700","F&F홀딩스","KOSPI",,"18630","-370","-1.95","19000","19450","18580","13706","256925810","728700657210","39114367"
"214270","FSN","KOSDAQ","중견기업부","2350","-70","-2.89","2420","2430","2320","298518","702672259","102673753650","43690959"
"130500","GH신소재","KOSDAQ","우량기업부","2565","-25","-0.97","2590","2590","2550","34730","89263020","37308058380","14545052"
"114090","GKL","KOSPI",,"15730","-250","-1.56","15960","15960","15660","209939","3312346655","972989689100","61855670"
"900290","GRT","KOSDAQ","외국기업(소속부없음)","2980","-40","-1.32","3020","3050","2960","63960","190623617","240933000000","80850000"
"078930","GS","KOSPI",,"45150","-550","-1.20","45350","45500","45000","242799","10975554875","4195129316700","92915378"
"083450","GST","KOSDAQ","우량기업부","21800","-950","-4.18","22300","22500","21600","311288","6830153425","401774000000","18430000"
"006360","GS건설","KOSPI",,"18260","-330","-1.78","18410","18570","18180","353211","6464594425","1562718007400","85581490"
"001250","GS글로벌","KOSPI",,"2485","-40","-1.58","2520","2525","2480","647458","1612987445","205096403540","82533764"
"007070","GS리테일","KOSPI",,"16370","-270","-1.62","16480","16590","16340","117840","1936293555","1368653383550","83607415"
"078935","GS우","KOSPI",,"42550","-200","-0.47","43150","43150","42400","15001","637715075","75944346300","1784826"
"499790","GS피앤엘","KOSPI",,"50800","700","1.40","50800","51700","49350","158366","8005208800","1007406722800","19830841"
"297890","HB솔루션","KOSDAQ","우량기업부","2620","-115","-4.20","2710","2725","2590","603609","1599466311","191629194680","73140914"
"440290","HB인베스트먼트","KOSDAQ","중견기업부","2170","-40","-1.81","2210","2210","2170","60766","132931235","58822211700","27107010"
"078150","HB테크놀러지","KOSDAQ","우량기업부","1963","-62","-3.06","2015","2030","1946","642330","1271389462","182001343108","92715916"
"225530","HC보광산업","KOSDAQ","우량기업부","3080","-40","-1.28","3100","3115","3060","47841","147476609","111923279160","36338727"
"060560","HC홈센타","KOSDAQ","중견기업부","708","5","0.71","703","710","692","127916","90035828","90390023700","127669525"
"012630","HDC","KOSPI",,"17860","-310","-1.71","18060","18250","17650","115186","2055746145","1066987137060","59741721"
"039570","HDC랩스","KOSPI",,"8340","-60","-0.71","8380","8380","8160","22272","184284285","216486392340","25957601"
"089470","HDC현대EP","KOSPI",,"4085","15","0.37","4085","4095","4015","28466","114978300","130311500000","31900000"
"294870","HDC현대산업개발","KOSPI",,"20250","-150","-0.74","20300","20400","20050","95121","1920577225","1334623432500","65907330"
"009540","HD한국조선해양","KOSPI",,"397500","-5500","-1.36","405000","408000","390000","166078","65972524250","28132313610000","70773116"
"267250","HD현대","KOSPI",,"150600","-1400","-0.92","151200","153900","148100","162813","24469842150","11896358601000","78993085"
"267270","HD현대건설기계","KOSPI",,"94400","-2500","-2.58","96700","97900","93800","77215","7343849900","1638558667200","17357613"
"443060","HD현대마린솔루션","KOSPI",,"203500","-11500","-5.35","215000","215500","202500","68027","13974558000","9122744235000","44829210"
"071970","HD현대마린엔진","KOSPI",,"79200","-1900","-2.34","80700","81700","77900","265992","21020005900","2686582404000","33921495"
"010620","HD현대미포","KOSPI",,"194300","-4200","-2.12","199000","199000","191000","215805","41938739300","7760759550700","39942149"
"322000","HD현대에너지솔루션","KOSPI",,"47800","-3300","-6.46","50800","51100","47300","106385","5167465100","535360000000","11200000"
"042670","HD현대인프라코어","KOSPI",,"15340","-280","-1.79","15510","15780","15200","812719","12507985065","2896977990920","188851238"
"267260","HD현대일렉트릭","KOSPI",,"569000","-18000","-3.07","582000","588000","561000","168831","96046625000","20510819815000","36047135"
"329180","HD현대중공업","KOSPI",,"491500","-13500","-2.67","501000","503000","484000","194966","96112512250","43631986514000","88773116"
"097230","HJ중공업","KOSPI",,"25600","-2400","-8.57","27400","28250","25550","11217540","282673305400","2131821593600","83274281"
"195940","HK이노엔","KOSDAQ GLOBAL","우량기업부","43650","-1600","-3.54","44900","45200","43150","301982","13199953075","1236599742150","28329891"
"014790","HL D&I","KOSPI",,"2340","-15","-0.64","2360","2375","2325","27582","64598819","88589126340","37858601"
"028300","HLB","KOSDAQ","중견기업부","38750","-900","-2.27","39150","39250","38300","333848","12939008775","5093844747500","131454058"
"003580","HLB글로벌","KOSPI",,"2060","-70","-3.29","2130","2135","2050","92419","191642488","103652150680","50316578"
"278650","HLB바이오스텝","KOSDAQ","중견기업부","1355","12","0.89","1342","1388","1307","945805","1281153168","117892505345","87005539"
"343090","HLB사이언스","KONEX","일반기업부","1538","-56","-3.51","1527","1586","1524","2166","3348939","27440705318","17841811"
"067630","HLB생명과학","KOSDAQ","투자주의환기종목(소속부없음)","3380","-70","-2.03","3450","3450","3350","253772","858908994","412079656040","121917058"
"024850","HLB이노베이션","KOSDAQ","중견기업부","1936","-51","-2.57","1965","2000","1927","516351","1009952981","279443049248","144340418"
"187420","HLB제넥스","KOSDAQ","기술성장기업부","3155","-55","-1.71","3210","3210","3100","37857","118686825","91923707710","29135882"
"047920","HLB제약","KOSDAQ","기술성장기업부","13910","-300","-2.11","14050","14070","13840","72700","1012597215","456239041960","32799356"
"115450","HLB테라퓨틱스","KOSDAQ","중견기업부","3130","-65","-2.03","3165","3165","3050","212200","658920640","264116483190","84382263"
"046210","HLB파나진","KOSDAQ","벤처기업부","1694","-14","-0.82","1711","1711","1640","78713","131746929","76444660292","45126718"
"196300","HLB펩","KOSDAQ","관리종목(소속부없음)","6940","-80","-1.14","6890","7190","6470","24786","168093485","64496182120","9293398"
"204320","HL만도","KOSPI",,"33950","-800","-2.30","34500","34550","33650","168783","5729163300","1594194224000","46957120"
"060980","HL홀딩스","KOSPI",,"40250","450","1.13","40000","40250","39050","19742","780130575","370842449250","9213477"
"011200","HMM","KOSPI",,"20550","-500","-2.38","21000","21000","20425","1456625","30016611775","21064561642800","1025039496"
"403870","HPSP","KOSDAQ GLOBAL","우량기업부","34000","-350","-1.02","33300","34300","33100","1008453","33937752525","2838951312000","83498568"
"036640","HRS","KOSDAQ","우량기업부","5240","-60","-1.13","5300","5300","5210","47246","247673030","85699152000","16354800"
"035000","HS애드","KOSPI",,"8790","-60","-0.68","8850","8870","8700","19905","174152180","145627525110","16567409"
"002460","HS화성","KOSPI",,"10200","-160","-1.54","10380","10480","10160","30805","316976990","103530000000","10150000"
"487570","HS효성","KOSPI",,"58600","-1100","-1.84","60900","60900","58000","13654","800221050","218339322200","3725927"
"298050","HS효성첨단소재","KOSPI",,"181000","-4700","-2.53","184500","185600","180900","11512","2095618400","810870588000","4479948"
"442770","IBKS제21호스팩","KOSDAQ","SPAC(소속부없음)","1995","-75","-3.62","2055","2070","1985","255583","517822533","8398950000","4210000"
"448760","IBKS제22호스팩","KOSDAQ","SPAC(소속부없음)","2385","-115","-4.60","2500","2550","2280","972891","2352283268","10565550000","4430000"
"467930","IBKS제23호스팩","KOSDAQ","SPAC(소속부없음)","2170","-5","-0.23","2175","2175","2170","196","425340","9179100000","4230000"
"469480","IBKS제24호스팩","KOSDAQ","SPAC(소속부없음)","2190","0","0.00","2190","2190","2185","9343","20456420","9263700000","4230000"
"003560","IHQ","KOSPI",,"10760","0","0.00","0","0","0","0","0","76220934800","7083730"
"015360","INVENI","KOSPI",,"61000","-1100","-1.77","61800","62600","60900","9170","561977700","366000000000","6000000"
"095340","ISC","KOSDAQ GLOBAL","우량기업부","77000","-1300","-1.66","76400","78300","75900","155457","11956966350","1632173466000","21197058"
"175330","JB금융지주","KOSPI",,"22900","-250","-1.08","22950","23150","22650","248672","5678199175","4378093997600","191183144"
"950170","JTC","KOSDAQ","외국기업(소속부없음)","6970","-120","-1.69","7040","7080","6865","91593","635715080","360672045560","51746348"
"234080","JW생명과학","KOSPI",,"12250","-170","-1.37","12550","12550","12190","48194","591197310","193973286500","15834554"
"067290","JW신약","KOSDAQ","중견기업부","1473","-9","-0.61","1476","1489","1460","57124","84098774","78623033598","53376126"
"001060","JW중외제약","KOSPI",,"21200","-450","-2.08","21700","21700","21100","69879","1487550000","493661716000","23285930"
"001067","JW중외제약2우B","KOSPI",,"60300","300","0.50","60300","60300","59500","33","1974700","12661371900","209973"
"001065","JW중외제약우","KOSPI",,"27250","50","0.18","27150","27400","27150","288","7858300","9318164750","341951"
"096760","JW홀딩스","KOSPI",,"3245","-45","-1.37","3265","3310","3210","77421","250887810","239886436790","73924942"
"035900","JYP Ent.","KOSDAQ GLOBAL","우량기업부","76000","1800","2.43","74900","77200","73900","623501","47444575450","2700469392000","35532492"
"318000","KBG","KOSDAQ","벤처기업부","4910","-160","-3.16","5070","5070","4890","28503","140506430","42914494930","8740223"
"008970","KBI동양철관","KOSPI",,"2715","45","1.69","2670","2820","2655","3867693","10630082039","216930962505","79900907"
"024840","KBI메탈","KOSDAQ","중견기업부","1846","-30","-1.60","1902","1944","1827","1051987","1978035271","64442381354","34909199"
"105560","KB금융","KOSPI",,"112700","-1600","-1.40","113400","113950","111900","852956","96079146200","42990779008100","381462103"
"415640","KB발해인프라","KOSPI",,"8810","40","0.46","8910","8910","8680","147202","1288767105","1079626277880","122545548"
"432320","KB스타리츠","KOSPI",,"3990","15","0.38","3975","3990","3960","71495","284304062","404642997150","101414285"
"024120","KB오토시스","KOSDAQ","중견기업부","3360","-55","-1.61","3415","3425","3355","28343","95632780","38640000000","11500000"
"455250","KB제25호스팩","KOSDAQ","SPAC(소속부없음)","2095","5","0.24","2095","2095","2080","7080","14762300","9018975000","4305000"
"464680","KB제27호스팩","KOSDAQ","SPAC(소속부없음)","2055","0","0.00","2050","2060","2050","16479","33858085","26519775000","12905000"
"478390","KB제29호스팩","KOSDAQ","SPAC(소속부없음)","2075","0","0.00","2060","2080","2060","27865","57722535","12906500000","6220000"
"486630","KB제30호스팩","KOSDAQ","SPAC(소속부없음)","2035","0","0.00","2030","2045","2025","10504","21350945","10805850000","5310000"
"492220","KB제31호스팩","KOSDAQ","SPAC(소속부없음)","2015","10","0.50","2005","2015","2005","3687","7409057","12513150000","6210000"
"0037T0","KB제32호스팩","KOSDAQ","SPAC(소속부없음)","1999","1","0.05","2005","2005","1998","2300","4599415","12653670000","6330000"
"002380","KCC","KOSPI",,"357000","-6000","-1.65","367500","369000","352500","67036","23981687500","3172470147000","8886471"
"021320","KCC건설","KOSDAQ","우량기업부","5040","-130","-2.51","5150","5300","5000","16933","85726720","107856000000","21400000"
"344820","KCC글라스","KOSPI",,"27950","-50","-0.18","28000","28050","27750","22645","631423925","446375810400","15970512"
"009070","KCTC","KOSPI",,"5360","-120","-2.19","5480","5520","5310","192549","1032675045","160800000000","30000000"
"009440","KC그린홀딩스","KOSPI",,"756","0","0.00","0","0","0","0","0","17568790596","23239141"
"112190","KC산업","KONEX","일반기업부","1580","-109","-6.45","1700","1700","1580","20","32196","11257899740","7125253"
"119650","KC코트렐","KOSPI",,"918","0","0.00","0","0","0","0","0","100782913662","109785309"
"044180","KD","KOSDAQ","중견기업부","735","-28","-3.67","775","782","733","699647","525881978","19637582265","26717799"
"092220","KEC","KOSPI",,"823","-17","-2.02","832","840","805","884046","725210603","165228065043","200763141"
"046440","KG모빌리언스","KOSDAQ","우량기업부","5070","-90","-1.74","5120","5160","5000","88576","450398025","192714766140","38010802"
"003620","KG모빌리티","KOSPI",,"3260","-65","-1.95","3305","3310","3240","303515","988758884","659742213120","202374912"
"016380","KG스틸","KOSPI",,"5290","-110","-2.04","5390","5390","5270","151354","803412505","529047065130","100008897"
"151860","KG에코솔루션","KOSDAQ","우량기업부","5690","-180","-3.07","5790","5840","5690","84016","481596780","270861081380","47603002"
"035600","KG이니시스","KOSDAQ","우량기업부","10540","30","0.29","10540","10950","10410","551527","5841466940","290423734360","27554434"
"001390","KG케미칼","KOSPI",,"4720","-50","-1.05","4755","4850","4645","197614","927854018","323173868800","68469040"
"226360","KH 건설","KOSDAQ","투자주의환기종목(소속부없음)","2555","0","0.00","0","0","0","0","0","67617390260","26464732"
"111870","KH 미래물산","KOSDAQ","관리종목(소속부없음)","8910","0","0.00","0","0","0","0","0","62746456410","7042251"
"033180","KH 필룩스","KOSPI",,"5310","0","0.00","0","0","0","0","0","138166306200","26020020"
"060720","KH바텍","KOSDAQ","벤처기업부","11880","-380","-3.10","12260","12320","11700","193898","2318737645","281288010960","23677442"
"001940","KISCO홀딩스","KOSPI",,"25800","-300","-1.15","26100","26100","25500","24199","621481450","365750604000","14176380"
"058400","KNN","KOSDAQ","우량기업부","721","-7","-0.96","721","726","714","597069","430325285","95481828120","132429720"
"025000","KPX케미칼","KOSPI",,"49100","-250","-0.51","48950","49350","48850","4054","198804775","237644000000","4840000"
"092230","KPX홀딩스","KOSPI",,"67100","-700","-1.03","67800","67800","66700","942","63106600","283473746600","4224646"
"000040","KR모터스","KOSPI",,"536","23","4.48","512","600","512","2859131","1589041337","46297098624","86375184"
"044450","KSS해운","KOSPI",,"9110","-30","-0.33","9210","9210","9030","33157","301284915","210312366800","23085880"
"101000","KS인더스트리","KOSDAQ","중견기업부","831","-93","-10.06","898","940","826","5271655","4590539834","27794292462","33446802"
"030200","KT","KOSPI",,"51100","-100","-0.20","50700","51100","50300","251541","12810123499","12878308103500","252021685"
"033780","KT&G","KOSPI",,"137600","3300","2.46","134300","138400","134100","645794","88562901500","16795799587200","122062497"
"058850","KTcs","KOSPI",,"2965","-100","-3.26","3030","3050","2930","738671","2199273821","126561025000","42685000"
"058860","KTis","KOSPI",,"2830","-45","-1.57","2885","2885","2810","105089","297692796","98489660000","34802000"
"089600","KT나스미디어","KOSDAQ","우량기업부","13890","-290","-2.05","14290","14290","13860","31750","442878820","160681784070","11568163"
"418470","KT밀리의서재","KOSDAQ","중견기업부","14050","-170","-1.20","14200","14300","13950","24772","348038305","120321235450","8563789"
"043610","KT지니뮤직","KOSDAQ","우량기업부","1955","-23","-1.16","1962","1978","1925","51072","99875175","113615681290","58115438"
"122450","KX","KOSDAQ","중견기업부","4010","-145","-3.49","4125","4185","3980","122252","492945535","179727534340","44819834"
"052900","KX하이텍","KOSDAQ","우량기업부","917","-20","-2.13","929","929","905","103788","94687019","50533593089","55107517"
"036560","KZ정밀","KOSDAQ","우량기업부","14980","-50","-0.33","15230","15280","14960","7450","112315870","235935000000","15750000"
"061970","LB세미콘","KOSDAQ","중견기업부","4400","-150","-3.30","4500","4525","4345","296370","1309412451","255565226400","58083006"
"309960","LB인베스트먼트","KOSDAQ","벤처기업부","5100","-150","-2.86","5240","5290","5020","60215","310082840","118407918900","23217239"
"093050","LF","KOSPI",,"17390","-300","-1.70","17750","17750","17270","62880","1093049110","508483600000","29240000"
"003550","LG","KOSPI",,"72700","-1800","-2.42","73900","74100","72300","266559","19422044450","11211909229500","154221585"
"034220","LG디스플레이","KOSPI",,"14030","-270","-1.89","14110","14300","13800","2493831","35038383015","7015000000000","500000000"
"051900","LG생활건강","KOSPI",,"281000","-5500","-1.92","282500","284000","280000","52931","14871681250","4299990979000","15302459"
"051905","LG생활건강우","KOSPI",,"113500","-2000","-1.73","115400","115400","111500","9429","1069435400","238315609500","2099697"
"064400","LG씨엔에스","KOSPI",,"64500","-2700","-4.02","67000","67000","64200","783468","51044706750","6249143646000","96885948"
"373220","LG에너지솔루션","KOSPI",,"349000","-12500","-3.46","356000","356000","349000","122326","42941934000","81666000000000","234000000"
"003555","LG우","KOSPI",,"61900","-100","-0.16","62000","62200","61600","4517","279467950","186393218100","3011199"
"032640","LG유플러스","KOSPI",,"14980","40","0.27","14850","14980","14820","702985","10501316495","6438828757900","429828355"
"011070","LG이노텍","KOSPI",,"189300","-8200","-4.15","200000","200000","188100","216676","41464953400","4480183355100","23667107"
"066570","LG전자","KOSPI",,"76300","-1600","-2.05","77200","77400","76000","548336","41973015900","12428231328100","162886387"
"066575","LG전자우","KOSPI",,"36900","-400","-1.07","37350","37350","36500","106673","3935835700","634163104800","17185992"
"037560","LG헬로비전","KOSPI",,"2655","-95","-3.45","2750","2750","2645","156527","419786760","205621426575","77446865"
"051910","LG화학","KOSPI",,"282500","-10000","-3.42","289500","291000","280500","227238","64438844750","19942336897500","70592343"
"051915","LG화학우","KOSPI",,"140200","-4000","-2.77","143200","143900","139500","46125","6503496700","1077969760000","7688800"
"079550","LIG넥스원","KOSPI",,"491000","-3000","-0.61","498000","511000","486000","155669","77354500500","10802000000000","22000000"
"225190","LK삼양","KOSDAQ","중견기업부","1778","151","9.28","1600","2015","1600","30533123","58194177080","90230726320","50748440"
"006260","LS","KOSPI",,"162400","-3100","-1.87","167100","169500","161200","150479","24618772950","5148080000000","31700000"
"010120","LS ELECTRIC","KOSPI",,"273000","-5500","-1.97","279500","280500","269000","133892","36595204500","8190000000000","30000000"
"000680","LS네트웍스","KOSPI",,"3620","-70","-1.90","3690","3690","3580","225119","815557800","285266917920","78803016"
"060370","LS마린솔루션","KOSDAQ","우량기업부","21950","-750","-3.30","22650","22750","21650","289693","6406049150","1146642845300","52238854"
"417200","LS머트리얼즈","KOSDAQ","중견기업부","9680","-260","-2.62","9920","9920","9630","366047","3567988970","654877739120","67652659"
"229640","LS에코에너지","KOSPI",,"37850","-1050","-2.70","38500","38800","37250","116810","4437275350","1159151670150","30624879"
"078020","LS증권","KOSDAQ","우량기업부","5080","-140","-2.68","5230","5260","5070","123748","634233395","281844445200","55481190"
"322180","LS티라유텍","KOSDAQ","벤처기업부","5200","-200","-3.70","5400","5400","5160","115016","604207195","108794316800","20921984"
"108320","LX세미콘","KOSPI",,"54800","-1500","-2.66","56100","56100","54200","43045","2365051800","891283640000","16264300"
"001120","LX인터내셔널","KOSPI",,"31800","-200","-0.63","31800","31900","31400","108995","3452760400","1232568000000","38760000"
"108670","LX하우시스","KOSPI",,"28150","-200","-0.71","28500","28550","28000","24858","700340750","252439910500","8967670"
"108675","LX하우시스우","KOSPI",,"17250","30","0.17","17200","17270","16700","3417","58226940","17807692500","1032330"
"383800","LX홀딩스","KOSPI",,"7700","-150","-1.91","7890","7890","7640","195023","1503661650","587361313000","76280690"
"38380K","LX홀딩스1우","KOSPI",,"8640","0","0.00","8690","8690","8550","345","2965480","12660062400","1465285"
"476080","M83","KOSDAQ","중견기업부","11910","-270","-2.22","12110","12200","11900","48216","576609275","92719350000","7785000"
"086960","MDS테크","KOSDAQ","중견기업부","1390","-41","-2.87","1430","1434","1389","857255","1201952451","129022285320","92821788"
"023150","MH에탄올","KOSPI",,"5050","-20","-0.39","5070","5080","5020","7218","36342800","37261556300","7378526"
"035420","NAVER","KOSPI",,"256500","2500","0.98","251500","262000","250000","4597910","1182526042750","40232701647000","156852638"
"160550","NEW","KOSDAQ","중견기업부","2490","0","0.00","2490","2505","2430","94856","234416525","69486203940","27906106"
"053290","NE능률","KOSDAQ","투자주의환기종목(소속부없음)","2160","0","0.00","2180","2180","2125","30165","64836921","35696823120","16526307"
"181710","NHN","KOSPI",,"26100","-600","-2.25","26500","27500","25550","108215","2828416450","881295810300","33766123"
"060250","NHN KCP","KOSDAQ","우량기업부","20200","1620","8.72","18100","20900","17800","20068850","395514997285","811244342200","40160611"
"104200","NHN벅스","KOSDAQ","중견기업부","3210","-30","-0.93","3230","3240","3155","73878","235507525","47596435500","14827550"
"400760","NH올원리츠","KOSPI",,"3365","-20","-0.59","3355","3380","3345","119308","400370951","184837010375","54929275"
"005940","NH투자증권","KOSPI",,"19360","-350","-1.78","19810","19830","19250","714916","13894988345","6898826983840","356344369"
"005945","NH투자증권우","KOSPI",,"17730","-280","-1.55","18010","18080","17640","60418","1074248370","334582262640","18870968"
"338100","NH프라임리츠","KOSPI",,"4790","25","0.52","4765","4800","4750","70232","335383985","89381400000","18660000"
"034310","NICE","KOSPI",,"13440","50","0.37","13400","13470","13270","48132","642868580","499006260480","37128442"
"063570","NICE인프라","KOSDAQ","우량기업부","4270","-80","-1.84","4405","4405","4270","114250","490608252","145810798560","34147728"
"030190","NICE평가정보","KOSPI",,"13400","-100","-0.74","13700","13720","13290","98889","1320612265","797388346200","59506593"
"008260","NI스틸","KOSPI",,"3595","-35","-0.96","3600","3600","3545","35935","127951160","102817420615","28600117"
"004250","NPC","KOSPI",,"4075","-20","-0.49","4095","4115","4040","25839","105054370","149634000000","36720000"
"004255","NPC우","KOSPI",,"2445","-25","-1.01","2450","2465","2430","4977","12140825","12909600000","5280000"
"222160","NPX","KOSDAQ","관리종목(소속부없음)","8040","0","0.00","0","0","0","0","0","79551289560","9894439"
"456040","OCI","KOSPI",,"54500","-1900","-3.37","56000","56300","54300","42704","2341387600","487910977500","8952495"
"010060","OCI홀딩스","KOSPI",,"90600","-4200","-4.43","94000","94300","90200","106041","9678410850","1704631480200","18814917"
"178920","PI첨단소재","KOSPI",,"16670","-410","-2.40","17080","17080","16510","179484","2991314965","489536587740","29366322"
"001340","PKC","KOSPI",,"5510","-100","-1.78","5610","5640","5470","92171","510426635","247500422570","44918407"
"024940","PN풍년","KOSDAQ","벤처기업부","4670","-65","-1.37","4735","4735","4605","26898","124633640","46700000000","10000000"
"005490","POSCO홀딩스","KOSPI",,"275000","-6000","-2.14","279000","279000","274000","199295","54862039250","22256561800000","80932952"
"332570","PS일렉트로닉스","KOSDAQ","벤처기업부","5950","-370","-5.85","6260","6320","5860","2439551","14683583155","259846805400","43671732"
"218410","RFHIC","KOSDAQ","우량기업부","29300","-1550","-5.02","30300","30450","29000","258352","7622449275","776550850600","26503442"
"327260","RF머트리얼즈","KOSDAQ","벤처기업부","13530","-880","-6.11","14410","14500","13500","102464","1411866080","114101615430","8433231"
"474610","RF시스템즈","KOSDAQ","벤처기업부","4735","-210","-4.25","4890","4925","4660","195919","938611627","63580737170","13427822"
"091340","S&K폴리텍","KOSDAQ","중견기업부","2430","0","0.00","2415","2430","2365","23633","56344290","28440042030","11703721"
"010950","S-Oil","KOSPI",,"61600","400","0.65","60600","62800","60400","299938","18438098350","6935099987200","112582792"
"010955","S-Oil우","KOSPI",,"39450","150","0.38","39550","40200","39000","19524","770341775","158665020150","4021927"
"419530","SAMG엔터","KOSDAQ","기술성장기업부","56600","400","0.71","56600","58200","55200","179033","10181975300","546241732400","9650914"
"019550","SBI인베스트먼트","KOSDAQ","벤처기업부","712","-16","-2.20","728","728","709","260553","186025408","115391401400","162066575"
"034120","SBS","KOSPI",,"19960","-490","-2.40","20250","20250","19930","55515","1110459455","370282710480","18551238"
"003080","SB성보","KOSPI",,"2840","-10","-0.35","2830","2840","2815","28710","81192185","56856800000","20020000"
"246960","SCL사이언스","KOSDAQ","기술성장기업부","2570","50","1.98","2530","2635","2450","66448","168836595","87308839270","33972311"
"099220","SDN","KOSDAQ","중견기업부","1251","-32","-2.49","1283","1285","1251","201335","253112818","81245381850","64944350"
"036540","SFA반도체","KOSDAQ","우량기업부","3930","-200","-4.84","3965","4065","3875","1625710","6432097068","646328990790","164460303"
"255220","SG","KOSDAQ","중견기업부","2105","-65","-3.00","2170","2185","2100","889673","1889205989","207711704370","98675394"
"040610","SG&G","KOSDAQ","중견기업부","1805","-28","-1.53","1823","1836","1799","50634","91821721","61527388780","34087196"
"049470","SGA","KOSDAQ","중견기업부","2750","-135","-4.68","2910","2910","2715","2082126","5779064742","323742369500","117724498"
"184230","SGA솔루션즈","KOSDAQ","벤처기업부","740","-3","-0.40","741","763","727","521440","388692203","63159474340","85350641"
"016250","SGC E&C","KOSDAQ","중견기업부","14330","-60","-0.42","14260","14480","14250","849","12168990","72180009380","5036986"
"005090","SGC에너지","KOSPI",,"22900","-150","-0.65","23200","23200","22750","23058","527647750","329973725700","14409333"
"001380","SG글로벌","KOSPI",,"1647","-29","-1.73","1676","1682","1630","106936","175892237","74055943521","44964143"
"004060","SG세계물산","KOSPI",,"317","-5","-1.55","322","322","316","302197","96075406","64168712320","202424960"
"001770","SHD","KOSPI",,"18140","140","0.78","18230","18230","17670","1673","30237080","22037886920","1214878"
"002360","SH에너지화학","KOSPI",,"400","-3","-0.74","403","406","399","437150","175585333","44453492000","111133730"
"009160","SIMPAC","KOSPI",,"4440","-10","-0.22","4420","4535","4420","40835","181831189","290507051040","65429516"
"033530","SJG세종","KOSPI",,"6060","-240","-3.81","6220","6270","6010","196716","1202616775","168595023660","27820961"
"123700","SJM","KOSPI",,"3535","-40","-1.12","3585","3595","3515","33433","118675365","55163314430","15604898"
"025530","SJM홀딩스","KOSPI",,"3600","-45","-1.23","3640","3640","3525","9904","35582480","53762428800","14934008"
"034730","SK","KOSPI",,"206500","-3000","-1.43","213000","214000","203500","171476","35475265500","14971808169500","72502703"
"357880","SKAI","KOSDAQ","기술성장기업부","2240","-65","-2.82","2295","2305","2220","429924","966215740","76688241280","34235822"
"011790","SKC","KOSPI",,"98000","-3200","-3.16","100300","100500","97000","218024","21471628500","3711093204000","37868298"
"018670","SK가스","KOSPI",,"227000","-4000","-1.73","231500","232000","225000","6966","1578636000","2098670388000","9245244"
"001740","SK네트웍스","KOSPI",,"4455","-35","-0.78","4510","4510","4430","139290","619871978","985793053410","221277902"
"006120","SK디스커버리","KOSPI",,"52800","-1200","-2.22","54500","54500","52200","15078","797313250","968766744000","18347855"
"006125","SK디스커버리우","KOSPI",,"35950","-800","-2.18","37100","37100","35700","2825","101716100","47182757250","1312455"
"210980","SK디앤디","KOSPI",,"10390","-210","-1.98","10620","10830","10310","123210","1304927420","193434598980","18617382"
"395400","SK리츠","KOSPI",,"5080","-10","-0.20","5090","5120","5010","335351","1697930235","1477613346520","290868769"
"302440","SK바이오사이언스","KOSPI",,"46800","-1750","-3.60","48100","48400","46550","173077","8160192350","3667675986000","78369145"
"326030","SK바이오팜","KOSPI",,"101500","-3700","-3.52","104600","104700","100900","180118","18375207200","7948794875000","78313250"
"402340","SK스퀘어","KOSPI",,"195300","-15700","-7.44","203500","208000","194900","823131","162794449650","25885229567400","132540858"
"260870","SK시그넷","KONEX","일반기업부","10160","-40","-0.39","10100","10310","10080","5636","57170530","188669168000","18569800"
"361610","SK아이이테크놀로지","KOSPI",,"27350","-1350","-4.70","28400","28400","27250","113335","3115834900","2236877185000","81787100"
"100090","SK오션플랜트","KOSPI",,"24200","-1350","-5.28","25500","26100","24000","2707294","66750470025","1480195516800","61165104"
"03473K","SK우","KOSPI",,"160500","-200","-0.12","160700","163500","158700","2052","328335400","90864667500","566135"
"096770","SK이노베이션","KOSPI",,"101100","-2500","-2.41","103000","103000","101000","155423","15761311700","17091236866800","169052788"
"096775","SK이노베이션우","KOSPI",,"68500","-300","-0.44","69100","69100","68000","1338","91292600","85517181000","1248426"
"475150","SK이터닉스","KOSPI",,"22350","-1800","-7.45","24100","24200","22050","1106649","25248051375","754402838700","33754042"
"001510","SK증권","KOSPI",,"651","-12","-1.81","668","669","647","2160423","1416418559","307656201321","472590171"
"001515","SK증권우","KOSPI",,"1848","-12","-0.65","1838","1860","1838","3444","6407194","7230325872","3912514"
"285130","SK케미칼","KOSPI",,"59300","-1400","-2.31","60100","60900","59200","27081","1615202450","1023149331900","17253783"
"28513K","SK케미칼우","KOSPI",,"25200","-350","-1.37","25550","25550","25000","1100","27742925","53308810800","2115429"
"017670","SK텔레콤","KOSPI",,"54900","-300","-0.54","55000","55100","54700","576165","31602548450","11791973909700","214790053"
"000660","SK하이닉스","KOSPI",,"336500","-20000","-5.61","347500","349000","333000","3685324","1253030899140","244972795822500","728002365"
"048550","SM C&C","KOSDAQ","중견기업부","1339","-5","-0.37","1336","1347","1319","274571","364640228","129500876180","96714620"
"063440","SM Life Design","KOSDAQ","중견기업부","1651","-2","-0.12","1655","1680","1636","149758","247708946","75994133254","46029154"
"003570","SNT다이내믹스","KOSPI",,"72200","-900","-1.23","73100","73600","71000","91487","6604494400","2400844723400","33252697"
"064960","SNT모티브","KOSPI",,"33500","-750","-2.19","34800","34800","33000","80059","2670509750","889099112000","26540272"
"100840","SNT에너지","KOSPI",,"52300","-1600","-2.97","54000","54200","51700","129591","6799041550","1081604950900","20680783"
"036530","SNT홀딩스","KOSPI",,"74900","700","0.94","74100","75500","73000","15586","1153841000","1221161061400","16303886"
"067160","SOOP","KOSDAQ GLOBAL","우량기업부","75000","-1100","-1.45","76100","76100","74700","34220","2570733000","862107525000","11494767"
"005610","SPC삼립","KOSPI",,"52500","-800","-1.50","53600","53600","52300","9334","492271150","453022972500","8629009"
"011810","STX","KOSPI",,"3530","0","0.00","0","0","0","0","0","109493282310","31017927"
"465770","STX그린로지스","KOSPI",,"7330","-90","-1.21","7380","7490","7290","23149","170294460","52563664560","7171032"
"077970","STX엔진","KOSPI",,"38250","-1650","-4.14","39800","39850","37850","693879","26775217050","1535663409750","40148063"
"002820","SUN&L","KOSPI",,"2530","-90","-3.44","2615","2635","2525","17175","43754795","31898212170","12607989"
"289080","SV인베스트먼트","KOSDAQ","중견기업부","1878","-31","-1.62","1909","1909","1859","362196","676604510","101667877500","54136250"
"084870","TBH글로벌","KOSPI",,"1330","-17","-1.26","1336","1338","1298","20958","27451060","27739569270","20856819"
"002710","TCC스틸","KOSPI",,"16220","-520","-3.11","16590","16600","16150","143048","2325063270","425186165340","26213697"
"013720","THE CUBE&","KOSDAQ","중견기업부","956","-44","-4.40","983","1019","931","392284","380729236","58151704708","60828143"
"089230","THE E&M","KOSDAQ","중견기업부","1230","-41","-3.23","1271","1364","1230","85205","107786868","30150932190","24512953"
"032540","TJ미디어","KOSDAQ","우량기업부","6030","20","0.33","6020","6050","5940","8570","51294300","84007602270","13931609"
"069260","TKG휴켐스","KOSPI",,"17570","-300","-1.68","17770","17840","17450","54207","952514340","718236791160","40878588"
"007980","TP","KOSPI",,"1839","74","4.19","1758","1924","1758","8158079","15195457983","94111064070","51175130"
"048770","TPC","KOSDAQ","벤처기업부","2340","-55","-2.30","2400","2585","2290","513830","1249426114","36733298940","15697991"
"246690","TS인베스트먼트","KOSDAQ","중견기업부","1358","-28","-2.02","1386","1386","1334","142927","194211911","56326936596","41477862"
"317240","TS트릴리온","KOSDAQ","벤처기업부","205","-3","-1.44","207","208","205","595131","122663490","23740642460","115808012"
"002900","TYM","KOSPI",,"5560","-180","-3.14","5730","5730","5490","299978","1671509725","250483315360","45050956"
"024070","WISCOM","KOSPI",,"1933","-7","-0.36","1939","1939","1921","4652","8956465","29626004654","15326438"
"057030","YBM넷","KOSDAQ","중견기업부","3200","-5","-0.16","3180","3200","3165","24843","78883947","52200630400","16312697"
"037270","YG PLUS","KOSPI",,"7750","-110","-1.40","7860","7980","7680","1763368","13810372815","493389102500","63663110"
"040300","YTN","KOSDAQ","중견기업부","2700","-25","-0.92","2725","2735","2690","63049","170056100","128727846000","47676980"
"051390","YW","KOSDAQ","중견기업부","3870","5","0.13","3870","3900","3850","10960","42384195","43945274160","11355368"
"052220","iMBC","KOSDAQ","중견기업부","3340","-65","-1.91","3370","3415","3335","146012","491105520","76820000000","23000000"
"139130","iM금융지주","KOSPI",,"13510","-180","-1.31","13620","13690","13400","456735","6154851095","2189358537660","162054666"
"079940","가비아","KOSDAQ","우량기업부","27900","0","0.00","28100","28500","27250","30752","853665500","377645583600","13535684"
"078890","가온그룹","KOSDAQ","중견기업부","3995","25","0.63","3965","4025","3875","100115","394727912","72097253640","18046872"
"000500","가온전선","KOSPI",,"54700","-3100","-5.36","57700","57800","54050","66690","3662770950","904908390500","16543115"
"399720","가온칩스","KOSDAQ","우량기업부","47100","-2350","-4.75","48950","49000","46500","91998","4363477900","546379782000","11600420"
"296520","가이아코퍼레이션","KONEX","일반기업부","903","-100","-9.97","903","903","903","1","903","4214308224","4667008"
"036620","감성코퍼레이션","KOSDAQ","우량기업부","5970","-180","-2.93","6100","6230","5940","767830","4643970795","540307512870","90503771"
"000860","강남제비스코","KOSPI",,"11790","-100","-0.84","11890","11890","11730","9387","110665440","153270000000","13000000"
"198440","강동씨앤엘","KOSDAQ","중견기업부","1217","-29","-2.33","1240","1254","1198","69401","84168653","74154117432","60931896"
"217730","강스템바이오텍","KOSDAQ","기술성장기업부","1490","-32","-2.10","1506","1545","1461","384579","574573485","140140682010","94054149"
"035250","강원랜드","KOSPI",,"17920","-200","-1.10","18150","18310","17920","434648","7836989625","3833813760000","213940500"
"114190","강원에너지","KOSDAQ","우량기업부","10690","-420","-3.78","11200","11210","10620","241063","2608477440","279255276220","26123038"
"094480","갤럭시아머니트리","KOSDAQ","중견기업부","10820","-90","-0.82","10800","11310","10550","1521427","16720859415","424466847160","39229838"
"011420","갤럭시아에스엠","KOSPI",,"2065","-45","-2.13","2090","2110","2040","331463","683554597","56890014860","27549644"
"039240","경남스틸","KOSDAQ","우량기업부","3020","-10","-0.33","3030","3030","2990","213518","641974378","81478404080","26979604"
"053950","경남제약","KOSDAQ","중견기업부","594","-17","-2.78","611","618","591","392637","234563029","46419530652","78147358"
"002100","경농","KOSPI",,"9660","-70","-0.72","9730","10020","9610","53167","519462720","188588074500","19522575"
"009450","경동나비엔","KOSPI",,"73000","-1400","-1.88","73500","74200","72300","52751","3843522150","1063507216000","14568592"
"267290","경동도시가스","KOSPI",,"20150","-200","-0.98","20350","20350","19960","17811","357100690","118792430900","5895406"
"012320","경동인베스트","KOSPI",,"57800","-1300","-2.20","58800","59200","57700","6300","366442750","136698329400","2365023"
"011040","경동제약","KOSDAQ","중견기업부","5870","50","0.86","5820","5870","5730","50504","290986585","180612656420","30768766"
"000050","경방","KOSPI",,"7050","-80","-1.12","7090","7130","6940","43411","303410970","193277653500","27415270"
"214390","경보제약","KOSPI",,"6060","-90","-1.46","6150","6260","6060","37098","227331760","144875571600","23906860"
"012610","경인양행","KOSPI",,"2930","-50","-1.68","2985","3005","2890","52741","154609165","121935949450","41616365"
"009140","경인전자","KOSPI",,"20550","50","0.24","20500","20700","20450","5372","110369300","32279878350","1570797"
"024910","경창산업","KOSDAQ","우량기업부","1510","-35","-2.27","1558","1558","1505","61079","93182886","54086697550","35819005"
"013580","계룡건설","KOSPI",,"19610","-220","-1.11","19790","19850","19510","39978","783660280","175135086270","8930907"
"012200","계양전기","KOSPI",,"1423","-13","-0.91","1437","1437","1417","79079","114495506","38738085667","27222829"
"012205","계양전기우","KOSPI",,"2965","-25","-0.84","2990","2990","2960","1183","3512405","3466319235","1169079"
"002140","고려산업","KOSPI",,"2610","-45","-1.69","2655","2655","2605","60764","159087819","65091899250","24939425"
"049720","고려신용정보","KOSDAQ","우량기업부","10810","230","2.17","10580","10810","10500","162368","1732232225","154583000000","14300000"
"010130","고려아연","KOSPI",,"916000","-27000","-2.86","935000","943000","908000","12373","11339922000","18341318068000","20023273"
"002240","고려제강","KOSPI",,"17320","-20","-0.12","17320","17410","17210","15357","265329870","467640000000","27000000"
"014570","고려제약","KOSDAQ","우량기업부","4485","-60","-1.32","4545","4545","4465","7862","35319155","49335000000","11000000"
"348150","고바이오랩","KOSDAQ","기술성장기업부","5630","-160","-2.76","5810","5810","5530","136182","764213830","109328345070","19418889"
"950190","고스트스튜디오","KOSDAQ","외국기업(소속부없음)","9180","0","0.00","9110","9250","9070","17282","157528280","119496601620","13017059"
"098460","고영","KOSDAQ","우량기업부","14730","-590","-3.85","15250","15310","14610","590711","8790607450","1011284541150","68654755"
"035290","골드앤에스","KOSDAQ","중견기업부","370","-17","-4.39","384","398","370","133581","50457234","17640297600","47676480"
"215000","골프존","KOSDAQ GLOBAL","우량기업부","60300","-400","-0.66","61100","61100","60100","9049","546550850","378407524500","6275415"
"121440","골프존홀딩스","KOSDAQ","우량기업부","5420","-30","-0.55","5450","5450","5350","48554","261755495","232175553560","42836818"
"366030","공구우먼","KOSDAQ","우량기업부","4765","375","8.54","4455","5330","4455","16212182","80755984948","107945595250","22653850"
"009290","광동제약","KOSPI",,"5880","-30","-0.51","5980","5980","5810","77675","456158680","308234603880","52420851"
"086220","광동헬스바이오","KONEX","일반기업부","1331","-69","-4.93","1478","1478","1331","12","16266","14073814315","10573865"
"014200","광림","KOSDAQ","관리종목(소속부없음)","6040","0","0.00","0","0","0","0","0","91311391200","15117780"
"017040","광명전기","KOSPI",,"1268","75","6.29","1193","1278","1150","1745784","2169120373","54952095820","43337615"
"029480","광무","KOSDAQ","중견기업부","2950","-105","-3.44","3055","3130","2845","537739","1623596428","166087610750","56300885"
"017900","광전자","KOSPI",,"1896","-10","-0.52","1906","1906","1886","23480","44396898","109861374648","57943763"
"037710","광주신세계","KOSPI",,"30600","50","0.16","30550","30600","30350","6124","186587375","243490014000","7957190"
"026910","광진실업","KOSDAQ","중견기업부","2830","40","1.43","2790","2980","2785","10728","30621480","18127296150","6405405"
"456490","교보14호스팩","KOSDAQ","SPAC(소속부없음)","2165","5","0.23","2185","2185","2150","12345","26559545","9093000000","4200000"
"465320","교보15호스팩","KOSDAQ","SPAC(소속부없음)","2335","0","0.00","0","0","0","0","0","8896350000","3810000"
"482520","교보16호스팩","KOSDAQ","SPAC(소속부없음)","2045","0","0.00","2045","2045","2035","984","2002995","12474500000","6100000"
"489210","교보17호스팩","KOSDAQ","SPAC(소속부없음)","2045","-5","-0.24","2040","2050","2035","10644","21688530","10593100000","5180000"
"0041B0","교보18호스팩","KOSDAQ","SPAC(소속부없음)","2045","0","0.00","2045","2045","2040","34750","70923310","10306800000","5040000"
"030610","교보증권","KOSPI",,"9020","-160","-1.74","9190","9220","9010","120846","1094511385","1027945908220","113962961"
"339770","교촌에프앤비","KOSPI",,"4480","-45","-0.99","4500","4500","4390","67735","299628440","223843558400","49965080"
"053270","구영테크","KOSDAQ","우량기업부","2130","-30","-1.39","2160","2160","2120","49410","105310890","58384162650","27410405"
"007690","국도화학","KOSPI",,"35300","-600","-1.67","35900","35900","35100","8805","311024800","326907369600","9260832"
"001140","국보","KOSPI",,"2110","0","0.00","0","0","0","0","0","33456978680","15856388"
"066620","국보디자인","KOSDAQ","우량기업부","20950","-400","-1.87","21300","21300","20550","3839","80579900","157125000000","7500000"
"043650","국순당","KOSDAQ","중견기업부","4355","-95","-2.13","4475","4475","4350","27533","120387150","77772913920","17858304"
"006050","국영지앤엠","KOSDAQ","중견기업부","1289","-8","-0.62","1297","1297","1275","181096","232340957","44979968227","34895243"
"060480","국일신동","KOSDAQ","중견기업부","1689","-20","-1.17","1709","1709","1680","12210","20612680","18731010000","11090000"
"078130","국일제지","KOSDAQ","중견기업부","442","-10","-2.21","451","458","433","1312139","584947048","498313394982","1127405871"
"307750","국전약품","KOSDAQ","우량기업부","3775","-75","-1.95","3830","3830","3755","153851","581545801","189098168250","50092230"
"002720","국제약품","KOSPI",,"4380","-60","-1.35","4410","4460","4345","112408","491616913","92680064160","21159832"
"035080","그래디언트","KOSDAQ","중견기업부","14360","-40","-0.28","14400","14640","14310","20672","297770050","196395947280","13676598"
"318060","그래피","KOSDAQ","기술성장기업부","9640","510","5.59","9050","10950","9020","8854534","90290524130","106558410280","11053777"
"453450","그리드위즈","KOSDAQ","벤처기업부","18690","-690","-3.56","19590","19590","18650","26424","498451355","148449997500","7942750"
"204020","그리티","KOSDAQ","우량기업부","2330","-20","-0.85","2350","2350","2310","79756","185023529","45320438560","19450832"
"402490","그린리소스","KOSDAQ","기술성장기업부","8410","-160","-1.87","8570","8600","8330","201778","1701068245","139260248080","16558888"
"114450","그린생명과학","KOSDAQ","중견기업부","2580","-85","-3.19","2645","2690","2555","140188","362910285","51600000000","20000000"
"083420","그린케미칼","KOSPI",,"7240","-150","-2.03","7380","7400","7120","43932","316423620","173760000000","24000000"
"186230","그린플러스","KOSDAQ","벤처기업부","6400","-100","-1.54","6500","6500","6330","28888","184470095","69889203200","10920188"
"014530","극동유화","KOSPI",,"3295","-25","-0.75","3330","3330","3285","147644","487019510","114894738900","34869420"
"900070","글로벌에스엠","KOSDAQ","외국기업(소속부없음)","447","-11","-2.40","454","458","445","56811","25480396","24023553696","53743968"
"204620","글로벌텍스프리","KOSDAQ","중견기업부","6030","-420","-6.51","6410","6440","5870","2244055","13771250070","423808479900","70283330"
"019660","글로본","KOSDAQ","중견기업부","2800","-80","-2.78","2915","2915","2795","10362","29110610","39044132400","13944333"
"014280","금강공업","KOSPI",,"4795","-145","-2.94","4920","4920","4760","207156","992777931","140634266815","29329357"
"014285","금강공업우","KOSPI",,"6800","-140","-2.02","6900","6900","6760","516","3533470","4011150000","589875"
"053260","금강철강","KOSDAQ","우량기업부","4295","-155","-3.48","4495","4495","4225","64029","275679285","80402400000","18720000"
"008870","금비","KOSPI",,"60000","-1000","-1.64","61000","61200","59200","7342","441388250","60000000000","1000000"
"001570","금양","KOSPI",,"9900","0","0.00","0","0","0","0","0","633275240400","63967196"
"282720","금양그린파워","KOSDAQ","우량기업부","10900","-200","-1.80","10990","11240","10630","80201","880556635","132102550000","12119500"
"002990","금호건설","KOSPI",,"3660","-100","-2.66","3760","3760","3630","91477","336091162","135408141600","36996760"
"002995","금호건설우","KOSPI",,"11150","100","0.90","11050","11150","11040","152","1685020","3258765900","292266"
"011780","금호석유화학","KOSPI",,"103700","-1400","-1.33","104600","104900","103500","50703","5271372250","2743859171900","26459587"
"011785","금호석유화학우","KOSPI",,"56100","-200","-0.36","56300","56500","55800","3163","177314750","169617564600","3023486"
"214330","금호에이치티","KOSPI",,"590","-12","-1.99","602","608","588","343961","204626387","128647440900","218046510"
"001210","금호전기","KOSPI",,"839","-11","-1.29","857","857","827","253328","211142181","51643803483","61553997"
"073240","금호타이어","KOSPI",,"4750","-75","-1.55","4780","4790","4690","571363","2697380619","1364486363250","287260287"
"036190","금화피에스시","KOSDAQ","우량기업부","31200","-400","-1.27","31600","31600","30800","10053","312359025","187200000000","6000000"
"049080","기가레인","KOSDAQ","벤처기업부","474","-10","-2.07","484","489","469","145678","69060284","40234706478","84883347"
"420770","기가비스","KOSDAQ","벤처기업부","36300","-2650","-6.80","38350","38350","36050","105407","3900885100","460130015400","12675758"
"035460","기산텔레콤","KOSDAQ","벤처기업부","1754","-8","-0.45","1762","1769","1720","42504","74290333","25568654360","14577340"
"092440","기신정기","KOSPI",,"2495","-30","-1.19","2530","2530","2480","26782","66875745","72854000000","29200000"
"000270","기아","KOSPI",,"100200","-1800","-1.76","101200","101300","100200","700206","70438939150","39457684854000","393789270"
"024110","기업은행","KOSPI",,"19320","-230","-1.18","19490","19490","19240","823695","15923191520","15406267789080","797425869"
"456700","길교이앤씨","KONEX","일반기업부","7460","-40","-0.53","7850","7850","7460","151","1184960","6714000000","900000"
"013700","까뮤이앤씨","KOSPI",,"1090","-24","-2.15","1114","1114","1090","47525","52285257","65128404700","59750830"
"004540","깨끗한나라","KOSPI",,"2010","-25","-1.23","2035","2055","2005","83341","167899963","74853792930","37240693"
"004545","깨끗한나라우","KOSPI",,"11930","250","2.14","11950","12160","11630","796","9510410","4368288800","366160"
"407400","꿈비","KOSDAQ","벤처기업부","5650","-130","-2.25","5730","5840","5560","65561","369480625","82685117100","14634534"
"187790","나노","KOSDAQ","벤처기업부","1935","-70","-3.49","2015","2015","1911","188403","365775092","59677006050","30840830"
"121600","나노신소재","KOSDAQ","우량기업부","46450","-1650","-3.43","48050","48050","46300","72677","3400063650","567209821950","12211191"
"286750","나노실리칸첨단소재","KOSDAQ","기술성장기업부","1916","15","0.79","1904","1916","1850","154980","291113383","52231470544","27260684"
"247660","나노씨엠에스","KOSDAQ","기술성장기업부","5010","-50","-0.99","5000","5120","4970","12352","61884130","21763039200","4343920"
"039860","나노엔텍","KOSDAQ","중견기업부","3480","-75","-2.11","3555","3570","3480","151312","529313245","111743085360","32110082"
"091970","나노캠텍","KOSDAQ","중견기업부","570","-3","-0.52","573","578","560","17489","9962039","21327971010","37417493"
"417010","나노팀","KOSDAQ","벤처기업부","4635","-140","-2.93","4755","4860","4625","29080","136394610","93500594280","20172728"
"244880","나눔테크","KONEX","일반기업부","2180","50","2.35","2180","2180","2180","1","2180","10943600000","5020000"
"405920","나라셀라","KOSDAQ","중견기업부","2560","-80","-3.03","2640","2640","2560","7412","19215434","32967874560","12878076"
"288490","나라소프트","KONEX","일반기업부","105","0","0.00","0","0","0","0","0","1834515585","17471577"
"051490","나라엠앤디","KOSDAQ","우량기업부","3920","-105","-2.61","4065","4065","3900","47050","185197655","55664000000","14200000"
"137080","나래나노텍","KOSDAQ","벤처기업부","3210","-65","-1.98","3275","3275","3200","6154","19806975","35500744620","11059422"
"190510","나무가","KOSDAQ","우량기업부","16950","-650","-3.69","17580","17580","16760","132723","2249210975","242976131250","14334875"
"242040","나무기술","KOSDAQ","기술성장기업부","1447","-4","-0.28","1450","1450","1416","199174","284164197","50075264008","34606264"
"293580","나우IB","KOSDAQ","벤처기업부","1167","-30","-2.51","1187","1187","1148","400656","467243510","110783251650","94929950"
"459510","나우로보틱스","KOSDAQ","기술성장기업부","21650","-1750","-7.48","23400","23650","21250","813531","18252260600","279297600300","12900582"
"257990","나우코스","KONEX","일반기업부","5980","-190","-3.08","6170","6170","5810","557","3312020","35230524160","5891392"
"138610","나이벡","KOSDAQ","기술성장기업부","31250","4100","15.10","30000","33350","28450","2150990","67666079650","353374750000","11307992"
"130580","나이스디앤비","KOSDAQ","우량기업부","5790","-130","-2.20","5920","5920","5700","15826","91440570","89166000000","15400000"
"036800","나이스정보통신","KOSDAQ","우량기업부","23000","200","0.88","22600","24150","22500","8335","191480550","230000000000","10000000"
"267320","나인테크","KOSDAQ","벤처기업부","3025","-160","-5.02","3185","3185","3000","1446823","4408678015","172739424550","57103942"
"001260","남광토건","KOSPI",,"7770","-170","-2.14","7900","7910","7760","17860","139449910","76399084440","9832572"
"008350","남선알미늄","KOSPI",,"1080","-33","-2.96","1113","1117","1079","899524","980777719","139405417200","129079090"
"008355","남선알미우","KOSPI",,"12630","-110","-0.86","12630","12630","12600","2772","34937810","3888650700","307890"
"004270","남성","KOSPI",,"998","1","0.10","992","1002","980","41186","40909200","36139735680","36212160"
"003920","남양유업","KOSPI",,"55000","-800","-1.43","55800","55800","54600","4702","257810500","330000000000","6000000"
"003925","남양유업우","KOSPI",,"36500","-300","-0.82","36800","37400","36100","2609","95804400","73000000000","2000000"
"025860","남해화학","KOSPI",,"6730","-110","-1.61","6830","6830","6640","67049","451605525","334338613390","49678843"
"111710","남화산업","KOSDAQ","중견기업부","4780","-25","-0.52","4800","4825","4735","2497","11885890","98410640000","20588000"
"091590","남화토건","KOSDAQ","우량기업부","3990","-20","-0.50","4080","4080","3810","20908","82565590","46842600000","11740000"
"168330","내츄럴엔도텍","KOSDAQ","벤처기업부","2650","-110","-3.99","2760","2785","2550","67154","178798335","84150485000","31754900"
"094860","네오리진","KOSDAQ","중견기업부","985","-14","-1.40","991","1000","985","47980","47427889","23688825465","24049569"
"253590","네오셈","KOSDAQ","우량기업부","9600","-450","-4.48","9920","9950","9490","379213","3672375290","421143974400","43869164"
"212560","네오오토","KOSDAQ","우량기업부","5350","-110","-2.01","5500","5500","5180","59216","318393145","63195489350","11812241"
"095660","네오위즈","KOSDAQ","우량기업부","25500","-650","-2.49","26000","26150","25250","69685","1778147800","557348808000","21856816"
"042420","네오위즈홀딩스","KOSDAQ","중견기업부","23400","-1000","-4.10","24300","24400","22750","24476","570765025","201095996400","8593846"
"950220","네오이뮨텍","KOSDAQ","외국기업(소속부없음)","753","-48","-5.99","725","762","720","10900040","8070139703","74447201145","98867465"
"311390","네오크레마","KOSDAQ","벤처기업부","9320","-390","-4.02","9770","9780","9100","142167","1329053485","117933313480","12653789"
"085910","네오티스","KOSDAQ","중견기업부","4100","295","7.75","4000","4155","3815","1088807","4366290478","57132753800","13934818"
"092730","네오팜","KOSDAQ","우량기업부","17160","-110","-0.64","17280","17450","17060","98268","1696654245","275040291240","16027989"
"290660","네오펙트","KOSDAQ","기술성장기업부","912","-48","-5.00","960","983","885","313349","291186959","46026048096","50467158"
"306620","네온테크","KOSDAQ","벤처기업부","1998","-72","-3.48","2070","2085","1998","140120","281959637","89938491480","45014260"
"153460","네이블","KOSDAQ","중견기업부","7770","20","0.26","7680","7800","7680","184","1423420","50738208780","6530014"
"007390","네이처셀","KOSDAQ","중견기업부","20200","-150","-0.74","20250","20400","19750","369732","7418348180","1301588131200","64435056"
"033640","네패스","KOSDAQ","중견기업부","14850","-610","-3.95","15160","15290","14650","194543","2904205630","342429149700","23059202"
"330860","네패스아크","KOSDAQ","중견기업부","16780","-930","-5.25","17600","17680","16550","107543","1817824260","204448275100","12184045"
"351320","넥사다이내믹스","KOSDAQ","중견기업부","1502","-118","-7.28","1620","1620","1460","139597","212190156","43293275504","28823752"
"005720","넥센","KOSPI",,"5650","-220","-3.75","5820","5840","5630","38309","218609540","302523470050","53543977"
"005725","넥센우","KOSPI",,"4720","-80","-1.67","4790","4790","4720","223","1052910","16994832000","3600600"
"002350","넥센타이어","KOSPI",,"5840","-100","-1.68","5940","5940","5820","74128","434692830","570380401680","97667877"
"002355","넥센타이어1우B","KOSPI",,"3240","-40","-1.22","3270","3300","3220","10815","35132315","21060000000","6500000"
"089140","넥스턴바이오","KOSDAQ","벤처기업부","2405","-105","-4.18","2515","2520","2370","100701","243248367","34719140365","14436233"
"389650","넥스트바이오메디컬","KOSDAQ","기술성장기업부","68200","-2600","-3.67","68800","69800","67200","81604","5575552200","554257035200","8126936"
"137940","넥스트아이","KOSDAQ","중견기업부","342","-7","-2.01","347","349","339","241882","82894124","29196195264","85368992"
"396270","넥스트칩","KOSDAQ","투자주의환기종목(소속부없음)","2970","-110","-3.57","3055","3145","2945","104481","311625835","59097832200","19898260"
"348210","넥스틴","KOSDAQ GLOBAL","우량기업부","48400","-1900","-3.78","49550","50200","48000","60580","2951417175","507087042000","10477005"
"092790","넥스틸","KOSPI",,"12230","-340","-2.70","12500","12660","12230","240078","2968127820","318004460000","26002000"
"225570","넥슨게임즈","KOSDAQ","우량기업부","13900","-490","-3.41","14380","14400","13870","169572","2371289650","915456418600","65860174"
"205500","넥써쓰","KOSDAQ","중견기업부","3150","-135","-4.11","3285","3285","3135","213960","680762955","186335200800","59154032"
"217270","넵튠","KOSDAQ","중견기업부","6050","-60","-0.98","6200","6210","6000","54084","326938365","282750640150","46735643"
"251270","넷마블","KOSPI",,"62200","-1700","-2.66","64200","64500","62000","130981","8225372900","5346307824400","85953502"
"317860","노드메이슨","KONEX","일반기업부","5200","-200","-3.70","5200","5200","5200","10","52000","23468718000","4513215"
"104620","노랑풍선","KOSDAQ","중견기업부","6430","70","1.10","6370","6500","6140","322070","2032287780","108091849360","16810552"
"090350","노루페인트","KOSPI",,"8990","-160","-1.75","9240","9340","8930","110989","1008033740","179800000000","20000000"
"090355","노루페인트우","KOSPI",,"13350","-340","-2.48","13990","13990","13160","1507","20425710","6182732100","463126"
"000320","노루홀딩스","KOSPI",,"26050","-700","-2.62","29000","29850","25550","168816","4530991650","346234483550","13291151"
"000325","노루홀딩스우","KOSPI",,"32750","-150","-0.46","35500","35500","32550","2209","74726050","7976557250","243559"
"473980","노머스","KOSDAQ","기술성장기업부","33450","-850","-2.48","34400","34400","33100","101501","3409600475","367325220900","10981322"
"194700","노바렉스","KOSDAQ","우량기업부","19800","-800","-3.88","20450","20650","19600","139643","2782964110","371345990400","18754848"
"285490","노바텍","KOSDAQ","벤처기업부","18480","-310","-1.65","18950","18950","18400","29835","552943900","195441356880","10575831"
"145170","노브랜드","KOSDAQ","중견기업부","5650","905","19.07","5550","6090","5250","6161231","35438472470","95532488250","16908405"
"229500","노브메타파마","KONEX","일반기업부","15790","10","0.06","16290","16290","15650","2032","32090730","191460744970","12125443"
"106520","노블엠앤비","KOSDAQ","투자주의환기종목(소속부없음)","411","0","0.00","0","0","0","0","0","15904036272","38695952"
"376930","노을","KOSDAQ","기술성장기업부","2840","-120","-4.05","2920","2940","2730","2135443","6076144871","104929650400","36947060"
"006280","녹십자","KOSPI",,"131700","-5200","-3.80","136800","136800","131100","37370","4964190250","1539117054600","11686538"
"142280","녹십자엠에스","KOSDAQ","중견기업부","3985","-95","-2.33","4085","4085","3955","89238","355485967","86641575110","21741926"
"234690","녹십자웰빙","KOSDAQ","우량기업부","9360","-390","-4.00","9790","9790","9350","44762","423570080","166161303360","17752276"
"005250","녹십자홀딩스","KOSPI",,"15650","-620","-3.81","16100","16130","15610","54315","857036265","735991486500","47028210"
"005257","녹십자홀딩스2우","KOSPI",,"27000","-300","-1.10","27300","27750","26900","1232","33841700","22841730000","845990"
"004370","농심","KOSPI",,"437000","-7000","-1.58","444000","446500","436000","41163","18083769500","2658114554000","6082642"
"072710","농심홀딩스","KOSPI",,"100200","-2900","-2.81","103000","103100","99900","81829","8262359850","464706558000","4637790"
"054050","농우바이오","KOSDAQ","우량기업부","8650","-100","-1.14","8750","8750","8600","39563","341815475","138664352650","16030561"
"069140","누리플랜","KOSDAQ","중견기업부","2690","-75","-2.71","2760","2765","2620","122613","330399301","35246378670","13102743"
"040160","누리플렉스","KOSDAQ","중견기업부","4025","-65","-1.59","4090","4090","3905","28614","114097470","48523528375","12055535"
"332290","누보","KOSDAQ","벤처기업부","1293","6","0.47","1309","1393","1280","3244030","4331694434","49536469524","38311268"
"348340","뉴로메카","KOSDAQ","기술성장기업부","25100","-900","-3.46","26500","26600","25000","83362","2134766225","284862083700","11349087"
"380550","뉴로핏","KOSDAQ","기술성장기업부","19380","-1520","-7.27","20650","21500","19310","1991506","40016020960","223918206060","11554087"
"060260","뉴보텍","KOSDAQ","벤처기업부","1505","-10","-0.66","1515","1522","1500","73707","111184800","20335573545","13512009"
"463020","뉴엔AI","KOSDAQ","기술성장기업부","26150","-1850","-6.61","27750","27750","25800","328910","8701703650","232191080000","8879200"
"123840","뉴온","KOSDAQ","관리종목(소속부없음)","1130","-8","-0.70","1138","1150","1123","9565","10851935","41984366910","37154307"
"012340","뉴인텍","KOSDAQ","벤처기업부","487","-10","-2.01","497","497","487","28234","13856118","25132346994","51606462"
"462310","뉴키즈온","KOSDAQ","중견기업부","7100","290","4.26","6830","7740","6820","1120883","8295791715","56104200000","7902000"
"270870","뉴트리","KOSDAQ","우량기업부","5260","-60","-1.13","5290","5320","5250","22306","117649595","48393178240","9200224"
"144960","뉴파워프라즈마","KOSDAQ","우량기업부","5270","-200","-3.66","5430","5450","5260","167492","891867840","230260128480","43692624"
"085670","뉴프렉스","KOSDAQ","우량기업부","5050","-230","-4.36","5210","5220","4990","221323","1123927305","123476343050","24450761"
"064260","다날","KOSDAQ","중견기업부","10540","40","0.38","10230","10800","9990","16053871","166917472570","726722881600","68949040"
"340360","다보링크","KOSDAQ","중견기업부","1644","-40","-2.38","1550","1690","1545","890121","1449053662","72256938396","43951909"
"039560","다산네트웍스","KOSDAQ","중견기업부","3000","-60","-1.96","3060","3075","2975","158825","478965575","118841943000","39613981"
"154040","다산솔루에타","KOSDAQ","중견기업부","1136","-51","-4.30","1188","1190","1110","66303","75509091","20391306784","17950094"
"058730","다스코","KOSPI",,"2845","-25","-0.87","2860","2870","2825","21521","61250400","53477297145","18796941"
"030210","다올투자증권","KOSPI",,"3600","35","0.98","3555","3690","3535","126663","456183078","219279981600","60911106"
"023590","다우기술","KOSPI",,"36050","-950","-2.57","37100","37100","35700","53946","1951912525","1617441542850","44866617"
"032190","다우데이타","KOSDAQ","우량기업부","17820","340","1.95","17550","17820","17200","108940","1896141845","682506000000","38300000"
"323350","다원넥스뷰","KOSDAQ","기술성장기업부","6520","170","2.68","6290","6630","6050","33530","209277065","52230233440","8010772"
"068240","다원시스","KOSDAQ","벤처기업부","5070","-110","-2.12","5190","5190","5040","354309","1800243865","193488625590","38163437"
"145210","다이나믹디자인","KOSPI",,"633","-9","-1.40","642","642","621","56174","35362482","22985642223","36312231"
"483650","달바글로벌","KOSPI",,"160000","-1800","-1.11","163500","163600","158500","80355","12891156750","1970226400000","12313915"
"464580","닷밀","KOSDAQ","기술성장기업부","2730","-60","-2.15","2775","2835","2720","59298","162554725","50121396780","18359486"
"019680","대교","KOSPI",,"2115","-45","-2.08","2140","2145","2100","77884","164738910","179146527750","84702850"
"019685","대교우B","KOSPI",,"1250","-8","-0.64","1243","1255","1243","2625","3270301","24283737500","19426990"
"006370","대구백화점","KOSPI",,"6460","-110","-1.67","6480","6530","6390","13877","89580620","69907607060","10821611"
"008060","대덕","KOSPI",,"8400","-290","-3.34","8670","8680","8370","142840","1209695640","284677260000","33890150"
"00806K","대덕1우","KOSPI",,"8510","90","1.07","8700","8720","8330","2886","24243570","10317158070","1212357"
"353200","대덕전자","KOSPI",,"26600","-2500","-8.59","28400","28600","26450","1656602","45160700150","1314490205000","49416925"
"35320K","대덕전자1우","KOSPI",,"9350","-240","-2.50","9500","9500","9290","1658","15521550","19593102650","2095519"
"000490","대동","KOSPI",,"9410","-260","-2.69","9670","9670","9380","162609","1539266360","248354911780","26392658"
"178600","대동고려삼","KONEX","일반기업부","2195","245","12.56","1951","2235","1951","4","8576","9766872000","4449600"
"020400","대동금속","KOSDAQ","중견기업부","5850","-10","-0.17","5870","6020","5850","8663","51117705","18656621100","3189166"
"008830","대동기어","KOSDAQ","중견기업부","14920","-320","-2.10","15200","15210","14830","35194","527302030","134093798400","8987520"
"048470","대동스틸","KOSDAQ","중견기업부","3395","-100","-2.86","3465","3470","3395","37784","129446960","33950000000","10000000"
"008110","대동전자","KOSPI",,"15040","0","0.00","0","0","0","0","0","157776322880","10490447"
"004780","대륙제관","KOSDAQ","우량기업부","3715","-20","-0.54","3735","3735","3685","15527","57545877","59080384285","15903199"
"005750","대림바스","KOSPI",,"4495","-110","-2.39","4605","4650","4465","32733","148900850","74941718800","16672240"
"017650","대림제지","KOSDAQ","우량기업부","7280","-80","-1.09","7370","7370","7180","1661","12055880","65520000000","9000000"
"006570","대림통상","KOSPI",,"2570","-20","-0.77","2575","2620","2560","2418","6207420","39128250000","15225000"
"389260","대명에너지","KOSDAQ","우량기업부","22600","-1100","-4.64","23500","23500","22450","28317","643872700","404908945000","17916325"
"317850","대모","KOSDAQ","벤처기업부","6710","-110","-1.61","6820","6870","6670","45261","304135740","55856858200","8324420"
"290670","대보마그네틱","KOSDAQ","중견기업부","14610","-590","-3.88","15160","15160","14600","13791","203958200","114800412600","7857660"
"078140","대봉엘에스","KOSDAQ","우량기업부","13060","-170","-1.28","13300","13300","13020","25114","328532500","144790721740","11086579"
"065150","대산F&B","KOSDAQ","관리종목(소속부없음)","145","0","0.00","0","0","0","0","0","23110448725","159382405"
"001680","대상","KOSPI",,"21750","-250","-1.14","21950","22000","21600","92419","2010816825","753594543750","34648025"
"001685","대상우","KOSPI",,"16820","-120","-0.71","16940","16940","16710","3664","61433020","23047150860","1370223"
"084690","대상홀딩스","KOSPI",,"9020","-210","-2.28","9310","9310","8980","94548","856282690","326637092760","36212538"
"084695","대상홀딩스우","KOSPI",,"12250","-180","-1.45","12440","12500","12250","2512","31066260","11190154500","913482"
"036480","대성미생물","KOSDAQ","중견기업부","7640","-60","-0.78","7700","7700","7560","5723","43749860","29032000000","3800000"
"128820","대성산업","KOSPI",,"4335","80","1.88","4305","4365","4095","272982","1153249810","196095797130","45235478"
"117580","대성에너지","KOSPI",,"8110","-50","-0.61","8240","8250","8110","28255","229863140","223025000000","27500000"
"027830","대성창투","KOSDAQ","벤처기업부","1660","-32","-1.89","1685","1690","1650","219059","363405702","89640000000","54000000"
"104040","대성파인텍","KOSDAQ","벤처기업부","959","-26","-2.64","990","990","944","571827","548149813","128571045134","134067826"
"129920","대성하이텍","KOSDAQ","벤처기업부","3970","-150","-3.64","4150","4150","3900","112589","445999439","54448760410","13715053"
"016710","대성홀딩스","KOSPI",,"8410","-70","-0.83","8500","8500","8340","24760","207809445","135312350190","16089459"
"457630","대신밸런스제16호스팩","KOSDAQ","SPAC(소속부없음)","2150","0","0.00","0","0","0","0","0","15716500000","7310000"
"471050","대신밸런스제17호스팩","KOSDAQ","SPAC(소속부없음)","2160","0","0.00","2155","2160","2155","39","84220","13089600000","6060000"
"478780","대신밸런스제18호스팩","KOSDAQ","SPAC(소속부없음)","2255","-45","-1.96","2300","2330","2250","142051","322919640","17837050000","7910000"
"482690","대신밸런스제19호스팩","KOSDAQ","SPAC(소속부없음)","2110","5","0.24","2100","2110","2100","13137","27643765","11847650000","5615000"
"0030R0","대신밸류리츠","KOSPI",,"4375","-25","-0.57","4390","4410","4350","71204","311166309","261537500000","59780000"
"020180","대신정보통신","KOSDAQ","중견기업부","993","-8","-0.80","1001","1001","982","248671","246304051","38159912595","38428915"
"003540","대신증권","KOSPI",,"26150","0","0.00","26350","26550","25900","178920","4678199700","1327724410000","50773400"
"003547","대신증권2우B","KOSPI",,"19250","-240","-1.23","19490","19520","19250","67870","1312649910","192500000000","10000000"
"003545","대신증권우","KOSPI",,"20400","-400","-1.92","20800","20950","20350","76988","1579498575","530400000000","26000000"
"045390","대아티아이","KOSDAQ","우량기업부","4420","-25","-0.56","4445","4565","4390","737292","3289575591","311492326340","70473377"
"009190","대양금속","KOSPI",,"1600","10","0.63","1571","1600","1560","118447","187315876","69108200000","43192625"
"108380","대양전기공업","KOSDAQ","우량기업부","26300","-800","-2.95","27000","27300","26050","68308","1811558900","251620857900","9567333"
"014160","대영포장","KOSPI",,"1135","-25","-2.16","1169","1169","1126","773652","878932170","123027813115","108394549"
"047040","대우건설","KOSPI",,"3565","-65","-1.79","3610","3640","3550","1043769","3732997775","1481694704470","415622638"
"003090","대웅","KOSPI",,"22050","-700","-3.08","22200","22600","21800","125585","2764020100","1282030659000","58141980"
"069620","대웅제약","KOSPI",,"132900","-4200","-3.06","135600","135600","131700","29213","3889443750","1539855817500","11586575"
"007680","대원","KOSDAQ","중견기업부","4825","125","2.66","4745","4870","4390","11928","55216012","64879237050","13446474"
"000430","대원강업","KOSPI",,"3750","-85","-2.22","3835","4075","3720","146223","554955890","232500000000","62000000"
"048910","대원미디어","KOSDAQ","우량기업부","8740","-180","-2.02","8920","8990","8730","47191","416123655","109939988040","12578946"
"005710","대원산업","KOSDAQ","우량기업부","11010","0","0.00","11000","11010","10700","29150","316075280","220613976000","20037600"
"006340","대원전선","KOSPI",,"2905","-90","-3.01","2990","2995","2885","852044","2489392165","217814503375","74979175"
"006345","대원전선우","KOSPI",,"3600","-60","-1.64","3680","3680","3590","9951","35991050","9436320000","2621200"
"003220","대원제약","KOSPI",,"13020","-110","-0.84","13110","13110","12980","25860","336621940","292007130660","22427583"
"024890","대원화성","KOSPI",,"855","0","0.00","855","900","850","31138","26681860","35268024960","41249152"
"002880","대유에이텍","KOSPI",,"1179","13","1.11","1162","1180","1143","112791","131192107","55111199580","46744020"
"120240","대정화금","KOSDAQ","우량기업부","12570","-60","-0.48","12580","12700","12520","13844","174274160","90383214870","7190391"
"003310","대주산업","KOSDAQ","우량기업부","1625","-14","-0.85","1630","1637","1605","154657","249252919","57512568750","35392350"
"114920","대주이엔티","KONEX","일반기업부","2380","195","8.92","2380","2380","2380","1057","2515660","8257410000","3469500"
"078600","대주전자재료","KOSDAQ","우량기업부","66800","-2000","-2.91","68700","68700","66500","98494","6613581300","1034103612400","15480593"
"393970","대진첨단소재","KOSDAQ","벤처기업부","6060","-350","-5.46","6400","6500","6030","279887","1726691890","89668729200","14796820"
"012800","대창","KOSPI",,"1280","-16","-1.23","1292","1304","1278","583604","749552674","116659838720","91140499"
"015230","대창단조","KOSPI",,"5930","-90","-1.50","6100","6100","5870","72547","431372710","169433323900","28572230"
"096350","대창솔루션","KOSDAQ","벤처기업부","452","13","2.96","441","452","427","3296851","1435953717","83291762572","184273811"
"140520","대창스틸","KOSDAQ","우량기업부","2165","-55","-2.48","2235","2235","2155","15089","33231960","45701511095","21109243"
"131220","대한과학","KOSDAQ","벤처기업부","4740","-60","-1.25","4785","4800","4675","18796","88400131","35334282600","7454490"
"010170","대한광통신","KOSDAQ","중견기업부","1438","-42","-2.84","1480","1480","1406","3320583","4744442926","185424119358","128945841"
"054670","대한뉴팜","KOSDAQ","우량기업부","6810","-40","-0.58","6850","6890","6740","66697","452642070","97757005200","14354920"
"001070","대한방직","KOSPI",,"6390","-20","-0.31","6380","6580","6220","6764","43176480","33867000000","5300000"
"023910","대한약품","KOSDAQ","우량기업부","29850","50","0.17","29800","30000","29550","10108","301924800","179100000000","6000000"
"006650","대한유화","KOSPI",,"115700","-900","-0.77","115400","117400","114000","28875","3358372150","752050000000","6500000"
"001440","대한전선","KOSPI",,"15160","-370","-2.38","15580","15590","15080","781502","11882347205","2826541068000","186447300"
"084010","대한제강","KOSPI",,"15910","-90","-0.56","16000","16200","15810","11813","188182320","372523056270","23414397"
"001790","대한제당","KOSPI",,"2855","-50","-1.72","2895","2895","2840","276482","789884604","256083735900","89696580"
"001795","대한제당우","KOSPI",,"2460","-20","-0.81","2480","2480","2450","3300","8111600","15947589600","6482760"
"001130","대한제분","KOSPI",,"145900","-1500","-1.02","147300","147300","144500","1836","266631400","246571000000","1690000"
"439260","대한조선","KOSPI",,"78700","-1500","-1.87","79700","80200","78400","272747","21533152350","3032020754400","38526312"
"003490","대한항공","KOSPI",,"22700","-200","-0.87","22850","22900","22550","1165055","26386774700","8358609004700","368220661"
"003495","대한항공우","KOSPI",,"23050","-300","-1.28","23350","23350","22900","2799","64685200","25603801700","1110794"
"005880","대한해운","KOSPI",,"1715","-21","-1.21","1736","1739","1688","2116722","3613509394","553511688100","322747340"
"003830","대한화섬","KOSPI",,"114500","-1200","-1.04","114500","115500","110000","144","16438400","152056000000","1328000"
"016090","대현","KOSPI",,"1803","-12","-0.66","1820","1820","1780","147255","264814749","79841004930","44282310"
"069460","대호에이엘","KOSPI",,"1694","-6","-0.35","1700","1706","1648","520812","870917896","142433088644","84080926"
"021040","대호특수강","KOSDAQ","중견기업부","1328","-51","-3.70","1379","1379","1326","78480","105643658","28823939872","21704774"
"021045","대호특수강우","KOSDAQ","중견기업부","2850","-20","-0.70","2900","2900","2845","8443","24168205","2418202200","848492"
"067080","대화제약","KOSDAQ","중견기업부","17230","660","3.98","16700","17710","16400","2096001","36130081620","320764879500","18616650"
"298540","더네이쳐홀딩스","KOSDAQ","우량기업부","10080","-60","-0.59","10190","10190","9930","12845","128543030","149670420480","14848256"
"032860","더라미","KOSDAQ","중견기업부","1444","-18","-1.23","1462","1490","1405","221730","322582105","58331626172","40395863"
"214610","더바이오메드","KOSDAQ","투자주의환기종목(소속부없음)","4500","-130","-2.81","4630","4630","4220","31178","139551330","37724949000","8383322"
"475560","더본코리아","KOSPI",,"26000","-350","-1.33","26350","26400","25850","20009","520100075","384192640000","14776640"
"192080","더블유게임즈","KOSPI",,"52600","-800","-1.50","52600","53500","52200","39216","2069074950","1130684655600","21495906"
"393890","더블유씨피","KOSDAQ GLOBAL","기술성장기업부","6600","-360","-5.17","6910","6910","6550","230075","1535862855","223364750400","33843144"
"299170","더블유에스아이","KOSDAQ","중견기업부","1782","-35","-1.93","1793","1812","1750","488218","868478726","66970108260","37581430"
"012510","더존비즈온","KOSPI",,"90500","-100","-0.11","90900","92200","89600","251822","22868259150","2749641952000","30382784"
"462860","더즌","KOSDAQ","중견기업부","4985","-75","-1.48","4910","5240","4830","4876327","24434025664","357491343865","71713409"
"224060","더코디","KOSDAQ","투자주의환기종목(소속부없음)","2935","50","1.73","2885","2995","2885","16154","47248905","15146719070","5160722"
"302920","더콘텐츠온","KONEX","일반기업부","3600","-95","-2.57","0","0","0","0","0","16388492400","4552359"
"043090","더테크놀로지","KOSDAQ","투자주의환기종목(소속부없음)","380","0","0.00","0","0","0","0","0","4718944500","12418275"
"213420","덕산네오룩스","KOSDAQ GLOBAL","우량기업부","45000","-2150","-4.56","47200","47300","44550","223091","10135748750","1117403055000","24831179"
"317330","덕산테코피아","KOSDAQ","중견기업부","16480","-810","-4.68","17180","17300","16350","144747","2403501960","337454104320","20476584"
"077360","덕산하이메탈","KOSDAQ","우량기업부","5950","-340","-5.41","6200","6230","5810","1051567","6341325620","270350161900","45437002"
"004830","덕성","KOSPI",,"5220","-150","-2.79","5370","5380","5190","156470","824254270","81849600000","15680000"
"004835","덕성우","KOSPI",,"6860","-250","-3.52","7110","7330","6820","17727","122442920","9549120000","1392000"
"090410","덕신이피씨","KOSDAQ","우량기업부","1401","1","0.07","1400","1417","1389","126679","176945906","64563817095","46084095"
"263600","덕우전자","KOSDAQ","중견기업부","4470","-90","-1.97","4535","4655","4370","57454","255413485","71208485700","15930310"
"194480","데브시스터즈","KOSDAQ","벤처기업부","50600","-1800","-3.44","52500","52500","50000","64062","3242923550","617479390000","12203150"
"373160","데이원컴퍼니","KOSDAQ","기술성장기업부","6060","160","2.71","5970","6180","5910","36380","221890030","83406991800","13763530"
"263800","데이타솔루션","KOSDAQ","중견기업부","5530","-150","-2.64","5770","5790","5470","412056","2294861595","89709761400","16222380"
"199150","데이터스트림즈","KONEX","일반기업부","2740","-160","-5.52","2800","2800","2600","8552","22631045","11695999620","4268613"
"206560","덱스터","KOSDAQ","기술성장기업부","5340","-120","-2.20","5460","5460","5270","38227","202661420","135698670240","25411736"
"261200","덴티스","KOSDAQ","우량기업부","5480","-50","-0.90","5550","5550","5470","33653","184679330","86637156000","15809700"
"145720","덴티움","KOSPI",,"56000","-1500","-2.61","57000","57100","55200","54166","3022376250","619854480000","11068830"
"227420","도부","KONEX","일반기업부","630","-66","-9.48","790","790","630","9","5830","23968041300","38044510"
"484120","도우인시스","KOSDAQ","중견기업부","29900","-1000","-3.24","31050","31050","29900","30149","909127875","321634957800","10757022"
"067990","도이치모터스","KOSDAQ","우량기업부","4665","-50","-1.06","4740","4740","4640","48883","228171380","136131930750","29181550"
"002150","도화엔지니어링","KOSPI",,"6170","-100","-1.59","6320","6320","6160","37642","233326150","208052400000","33720000"
"006620","동구바이오제약","KOSDAQ","우량기업부","5360","20","0.37","5370","5470","5290","537429","2881705010","152572357120","28464992"
"100130","동국S&C","KOSDAQ","중견기업부","2370","-5","-0.21","2355","2405","2305","154056","357024052","135428910000","57143000"
"005160","동국산업","KOSDAQ","중견기업부","3005","-95","-3.06","3090","3090","2995","205131","619424980","163004668410","54244482"
"303810","동국생명과학","KOSDAQ","중견기업부","4060","-145","-3.45","4205","4205","4040","239123","979990559","129855608400","31984140"
"460850","동국씨엠","KOSPI",,"5450","-10","-0.18","5470","5470","5380","39384","213004095","162947675200","29898656"
"075970","동국알앤에스","KOSDAQ","중견기업부","2310","-30","-1.28","2340","2340","2295","40874","94351000","42504000000","18400000"
"460860","동국제강","KOSPI",,"9110","-70","-0.76","9150","9190","9030","119774","1088356735","451929034870","49608017"
"086450","동국제약","KOSDAQ GLOBAL","우량기업부","18470","-530","-2.79","18800","18800","18350","155992","2888007640","829002585450","44883735"
"001230","동국홀딩스","KOSPI",,"7370","-60","-0.81","7430","7440","7310","65728","483183345","234369559710","31800483"
"023450","동남합성","KOSPI",,"33950","50","0.15","34050","34050","33700","1040","35227700","118825000000","3500000"
"004140","동방","KOSPI",,"2925","-65","-2.17","2990","2995","2910","566676","1666185301","140317415550","47971766"
"240550","동방메디컬","KOSDAQ","벤처기업부","10850","-310","-2.78","11150","11160","10780","111487","1213654380","225791321000","20810260"
"099410","동방선기","KOSDAQ","벤처기업부","5010","-190","-3.65","5150","5220","4940","655550","3301796601","70140000000","14000000"
"007590","동방아그로","KOSPI",,"6180","-10","-0.16","6210","6210","6160","19447","120007550","84156625860","13617577"
"005960","동부건설","KOSPI",,"5800","-150","-2.52","5950","5980","5710","43798","254224320","133090645400","22946663"
"005965","동부건설우","KOSPI",,"18790","-80","-0.42","18890","18890","18790","198","3721480","4241504280","225732"
"026960","동서","KOSPI",,"27100","-400","-1.45","27300","27600","26900","62584","1694277775","2701870000000","99700000"
"002210","동성제약","KOSPI",,"973","0","0.00","0","0","0","0","0","25900780311","26619507"
"102260","동성케미컬","KOSPI",,"4145","-45","-1.07","4170","4190","4120","65175","269656330","207982798695","50176791"
"033500","동성화인텍","KOSDAQ","우량기업부","29850","-150","-0.50","30650","30650","29500","150497","4504187225","895186395900","29989494"
"025950","동신건설","KOSDAQ","우량기업부","15740","-440","-2.72","16000","16180","15000","23503","371166680","132216000000","8400000"
"000640","동아쏘시오홀딩스","KOSPI",,"115900","0","0.00","116800","116900","113800","12898","1495008750","757572700600","6536434"
"170900","동아에스티","KOSPI",,"46500","-950","-2.00","47300","47300","46250","11498","535273600","434897992500","9352645"
"088130","동아엘텍","KOSDAQ","중견기업부","4185","-35","-0.83","4220","4275","4090","196009","813981796","73176039090","17485314"
"028100","동아지질","KOSPI",,"14840","-300","-1.98","15150","15290","14800","17204","256212330","198700209680","13389502"
"041930","동아화성","KOSDAQ","우량기업부","5980","-100","-1.64","6150","6150","5950","25422","152382140","94484000000","15800000"
"001520","동양","KOSPI",,"829","191","29.94","638","829","630","62520920","46846761693","197869088227","238684063"
"001527","동양2우B","KOSPI",,"9780","2250","29.88","7640","9780","7640","55329","528976190","3017804820","308569"
"084670","동양고속","KOSPI",,"8200","50","0.61","8150","8230","8140","2471","20178750","23743665800","2895569"
"082640","동양생명","KOSPI",,"8200","-30","-0.36","8180","8210","8030","139337","1132477575","1323140397000","161358585"
"060380","동양에스텍","KOSDAQ","우량기업부","1616","-70","-4.15","1678","1732","1591","285598","468503305","31835200000","19700000"
"001525","동양우","KOSPI",,"5260","1210","29.88","4050","5260","4050","64216","329279425","3249265060","617731"
"079960","동양이엔피","KOSDAQ","우량기업부","20950","-650","-3.01","21500","21700","20700","54539","1145141725","164667000000","7860000"
"228340","동양파일","KOSDAQ","중견기업부","1849","0","0.00","1852","2200","1695","352390","662042039","36980000000","20000000"
"088910","동우팜투테이블","KOSDAQ","우량기업부","2150","-30","-1.38","2180","2180","2140","22564","48692010","55538292600","25831764"
"094170","동운아나텍","KOSDAQ","우량기업부","17690","-410","-2.27","18000","18050","17670","110616","1967207280","369896767840","20909936"
"013120","동원개발","KOSDAQ","우량기업부","2650","-65","-2.39","2705","2725","2650","69787","186421632","240641465000","90808100"
"018500","동원금속","KOSPI",,"1299","-11","-0.84","1310","1310","1282","219153","282958411","60734657967","46754933"
"006040","동원산업","KOSPI",,"44350","-800","-1.77","45250","45800","44000","55253","2442353100","1957963179100","44147986"
"030720","동원수산","KOSPI",,"6390","0","0.00","6390","6420","6160","34838","220807860","29737813950","4653805"
"014820","동원시스템즈","KOSPI",,"27300","-550","-1.97","27550","27600","27100","32979","899155975","791461998600","28991282"
"014825","동원시스템즈우","KOSPI",,"17310","-160","-0.92","17310","17310","17310","20","346200","4571761410","264111"
"111380","동인기연","KOSPI",,"13800","-100","-0.72","13870","13970","13660","6519","89717470","84566400000","6128000"
"163560","동일고무벨트","KOSPI",,"6580","-60","-0.90","6580","6660","6550","17000","112208310","91462000000","13900000"
"109860","동일금속","KOSDAQ","우량기업부","8040","-30","-0.37","8070","8120","8040","1499","12072120","73164000000","9100000"
"032960","동일기연","KOSDAQ","중견기업부","12480","-520","-4.00","12830","13000","12340","15783","202153020","51400065600","4118595"
"004890","동일산업","KOSPI",,"39550","-100","-0.25","39550","39800","38900","3198","125465550","95917253250","2425215"
"023790","동일스틸럭스","KOSDAQ","중견기업부","2480","-160","-6.06","2550","2620","2410","1605895","4000492384","64826250160","26139617"
"002690","동일제강","KOSPI",,"1614","7","0.44","1607","1614","1590","7954","12740192","32764781040","20300360"
"005290","동진쎄미켐","KOSDAQ","우량기업부","40400","-1100","-2.65","40700","41150","39700","619931","24976772150","2077145557600","51414494"
"025900","동화기업","KOSDAQ GLOBAL","중견기업부","8920","-250","-2.73","9150","9150","8900","53058","476014425","450970982200","50557285"
"000020","동화약품","KOSPI",,"6350","-60","-0.94","6360","6430","6310","58386","370618715","177364834500","27931470"
"000150","두산","KOSPI",,"551000","-18000","-3.16","565000","567000","541000","129551","71269548000","9104633085000","16523835"
"000157","두산2우B","KOSPI",,"346000","-9500","-2.67","350000","354500","341000","2047","704932500","308991148000","893038"
"454910","두산로보틱스","KOSPI",,"66600","-2300","-3.34","69600","70100","65700","422461","28600073050","4317010668000","64819980"
"241560","두산밥캣","KOSPI",,"54400","-500","-0.91","54400","55200","53600","385825","20931034200","5214569936000","95856065"
"034020","두산에너빌리티","KOSPI",,"63100","-900","-1.41","63500","64300","62100","5541302","350411167100","40419408312600","640561146"
"000155","두산우","KOSPI",,"335500","-6500","-1.90","342000","342500","330000","18915","6323730250","1340813001000","3996462"
"131970","두산테스나","KOSDAQ GLOBAL","우량기업부","40000","-900","-2.20","40300","40550","39300","257980","10298195550","773089520000","19327238"
"336260","두산퓨얼셀","KOSPI",,"30200","1050","3.60","29750","30450","29150","1861383","55705213750","1977910525200","65493726"
"33626K","두산퓨얼셀1우","KOSPI",,"6820","-20","-0.29","6840","6860","6730","21309","145050360","91143844000","13364200"
"33626L","두산퓨얼셀2우B","KOSPI",,"11070","40","0.36","11030","11100","10870","5951","65199160","33058341000","2986300"
"016740","두올","KOSPI",,"3365","-5","-0.15","3370","3380","3310","49082","163576252","105341271160","31304984"
"073190","듀오백","KOSDAQ","중견기업부","1816","-29","-1.57","1841","1881","1815","47736","87397576","21733960640","11968040"
"176750","듀켐바이오","KOSDAQ","기술성장기업부","9620","-330","-3.32","9970","9980","9600","52657","511605820","273739216400","28455220"
"030350","드래곤플라이","KOSDAQ","관리종목(소속부없음)","973","0","0.00","0","0","0","0","0","13503093562","13877794"
"203650","드림시큐리티","KOSDAQ","중견기업부","3465","-150","-4.15","3585","3595","3460","415361","1448326614","165683902230","47816422"
"223250","드림씨아이에스","KOSDAQ","중견기업부","3840","-220","-5.42","4045","4045","3780","335686","1303509090","91389404160","23799324"
"060570","드림어스컴퍼니","KOSDAQ","중견기업부","1820","-38","-2.05","1855","1894","1784","138959","255091492","134864862860","74101573"
"362990","드림인사이트","KOSDAQ","벤처기업부","2085","5","0.24","2080","2100","1975","103207","208258386","35029196790","16800574"
"192650","드림텍","KOSPI",,"6110","-230","-3.63","6380","6380","6040","168716","1035936075","420918150510","68890041"
"016670","디모아","KOSDAQ","중견기업부","6410","-200","-3.03","6540","6610","6350","10274","66262050","31677232860","4941846"
"187870","디바이스","KOSDAQ","우량기업부","11620","-200","-1.69","11820","11820","11550","9807","113940710","81765396580","7036609"
"489730","디비금융제13호스팩","KOSDAQ","SPAC(소속부없음)","2025","-5","-0.25","2030","2030","2025","5837","11822905","12822300000","6332000"
"0004Y0","디비금융제14호스팩","KOSDAQ","SPAC(소속부없음)","2000","0","0.00","2000","2002","2000","10878","21756122","10630000000","5315000"
"024090","디씨엠","KOSPI",,"11970","0","0.00","11970","11970","11800","5373","63947270","136458000000","11400000"
"003160","디아이","KOSPI",,"15200","-690","-4.34","15700","15760","15010","598836","9173699860","430160000000","28300000"
"092200","디아이씨","KOSPI",,"4440","-55","-1.22","4520","4540","4405","280682","1250684669","172665246360","38888569"
"110990","디아이티","KOSDAQ","우량기업부","16230","1870","13.02","14380","16480","14300","1168857","18380575895","306747000000","18900000"
"263690","디알젬","KOSDAQ","우량기업부","5830","-100","-1.69","5930","5950","5810","32957","192995930","66028306300","11325610"
"214680","디알텍","KOSDAQ","벤처기업부","2150","-90","-4.02","2230","2235","2145","303636","658303097","159282221100","74084754"
"347850","디앤디파마텍","KOSDAQ","기술성장기업부","199600","12800","6.85","185600","205000","185200","1042626","203576897000","2166921272400","10856319"
"377190","디앤디플랫폼리츠","KOSPI",,"3405","-15","-0.44","3400","3420","3390","112796","383646805","301002000000","88400000"
"263720","디앤씨미디어","KOSDAQ","벤처기업부","14650","-350","-2.33","15000","15000","14590","37298","551270405","183483529450","12524473"
"376300","디어유","KOSDAQ","우량기업부","44050","750","1.73","43500","44850","42500","198360","8726930050","1045676784300","23738406"
"109740","디에스케이","KOSDAQ","벤처기업부","7800","510","7.00","7400","8090","7310","259920","2001811870","200541042000","25710390"
"031860","디에이치엑스컴퍼니","KOSDAQ","투자주의환기종목(소속부없음)","767","13","1.72","754","784","739","114252","86482411","13882639407","18099921"
"196490","디에이테크놀로지","KOSDAQ","투자주의환기종목(소속부없음)","203","0","0.00","0","0","0","0","0","36245520080","178549360"
"066900","디에이피","KOSDAQ","중견기업부","2015","-160","-7.36","2200","2200","2015","56619","117674175","45830173545","22744503"
"092070","디엔에프","KOSDAQ","우량기업부","14820","-480","-3.14","15100","15190","14720","40235","600548740","171494935560","11571858"
"039840","디오","KOSDAQ","중견기업부","17390","-180","-1.02","17420","17500","16900","28546","490274185","249982762930","14375087"
"013570","디와이","KOSPI",,"4325","-70","-1.59","4360","4400","4320","24526","106755620","113832412725","26319633"
"024900","디와이덕양","KOSPI",,"2190","-35","-1.57","2240","2240","2170","80658","176333581","71317306200","32564980"
"219550","디와이디","KOSDAQ","관리종목(소속부없음)","262","3","1.16","254","313","252","11672179","3348183703","32778981130","125110615"
"310870","디와이씨","KOSDAQ","벤처기업부","1207","5","0.42","1202","1207","1185","79526","94950559","24969536097","20687271"
"210540","디와이파워","KOSPI",,"12320","10","0.08","12300","12370","12100","34807","425502840","136033842560","11041708"
"104460","디와이피엔에프","KOSDAQ","우량기업부","14300","-530","-3.57","14840","14920","14200","51548","743397785","153204837500","10713625"
"079810","디이엔티","KOSDAQ","우량기업부","5860","-270","-4.40","6220","6220","5840","129962","772716555","129084630840","22028094"
"113810","디젠스","KOSDAQ","중견기업부","770","-22","-2.78","793","804","767","111153","86392374","25123599270","32628051"
"043360","디지아이","KOSDAQ","벤처기업부","2330","65","2.87","2265","2330","2230","14111","32109125","20970000000","9000000"
"197140","디지캡","KOSDAQ","벤처기업부","2015","-15","-0.74","2025","2045","1990","31526","63282621","26221505310","13013154"
"068930","디지털대성","KOSDAQ","우량기업부","7270","-70","-0.95","7340","7340","7210","16070","116733760","201199736340","27675342"
"033130","디지틀조선","KOSDAQ","중견기업부","1511","-14","-0.92","1515","1520","1507","44421","67116109","56081168437","37115267"
"105740","디케이락","KOSDAQ","우량기업부","9340","-160","-1.68","9400","9520","9100","112643","1044021995","94973911420","10168513"
"263020","디케이앤디","KOSDAQ","벤처기업부","3120","20","0.65","3100","3130","3060","34066","105583230","45239472720","14499831"
"290550","디케이티","KOSDAQ","우량기업부","8300","-300","-3.49","8640","8650","8240","123014","1032112675","166010209000","20001230"
"066670","디티씨","KOSDAQ","중견기업부","2900","-125","-4.13","3025","3025","2865","57858","168778172","54206562200","18691918"
"187220","디티앤씨","KOSDAQ","중견기업부","2905","5","0.17","2885","2910","2850","35251","101837360","33982751005","11698021"
"383930","디티앤씨알오","KOSDAQ","중견기업부","3040","-60","-1.94","3100","3100","2960","49645","148979665","38863749120","12784128"
"131180","딜리","KOSDAQ","벤처기업부","972","-6","-0.61","978","985","967","45856","44701781","28528200000","29350000"
"315640","딥노이드","KOSDAQ","기술성장기업부","4650","-255","-5.20","4880","4900","4650","183130","868161223","104796064200","22536788"
"317120","라닉스","KOSDAQ","기술성장기업부","3040","700","29.91","2395","3040","2220","21593795","60391422693","46390400000","15260000"
"462510","라메디텍","KOSDAQ","기술성장기업부","6960","-240","-3.33","7370","7370","6940","87742","617629610","61045916400","8770965"
"042510","라온시큐어","KOSDAQ","벤처기업부","10950","-370","-3.27","11290","11290","10870","143127","1577360730","122696655300","11205174"
"232680","라온테크","KOSDAQ","기술성장기업부","8260","-350","-4.07","8490","8580","8170","107372","897159035","103532772840","12534234"
"418420","라온텍","KOSDAQ","기술성장기업부","4580","-240","-4.98","4830","4875","4540","383272","1774821436","138946015640","30337558"
"300120","라온피플","KOSDAQ","벤처기업부","3585","-140","-3.76","3725","3725","3570","134962","488425125","74783143020","20860012"
"171120","라이온켐텍","KOSDAQ","중견기업부","2170","-40","-1.81","2225","2225","2165","85926","187582365","77906819200","35901760"
"388790","라이콤","KOSDAQ","벤처기업부","2295","-125","-5.17","2385","2400","2280","146027","340636410","70248566115","30609397"
"214260","라파스","KOSDAQ","기술성장기업부","14000","-380","-2.64","14560","14560","14000","20706","292005020","124914482000","8922463"
"403360","라피치","KONEX","일반기업부","6380","-10","-0.16","6390","6390","6000","148","920800","22007516520","3449454"
"171010","램테크놀러지","KOSDAQ","벤처기업부","4260","-75","-1.73","4330","4380","4205","68280","291680290","60912683520","14298752"
"084650","랩지노믹스","KOSDAQ","우량기업부","2310","-55","-2.33","2360","2365","2285","632708","1459429973","171494376900","74239990"
"217500","러셀","KOSDAQ","벤처기업부","2140","-60","-2.73","2180","2245","2095","284618","614650923","68077680000","31812000"
"092590","럭스피아","KONEX","일반기업부","700","0","0.00","597","700","597","20","12170","5103768600","7291098"
"038390","레드캡투어","KOSDAQ","우량기업부","11700","-130","-1.10","11890","11890","11620","35732","418149965","195633617400","16720822"
"294140","레몬","KOSDAQ","중견기업부","5980","-290","-4.63","6270","6390","5890","194122","1161280375","134040611640","22414818"
"443250","레뷰코퍼레이션","KOSDAQ","벤처기업부","11400","-20","-0.18","11530","11530","11170","18148","205833550","126782364000","11121260"
"228670","레이","KOSDAQ","벤처기업부","5500","-240","-4.18","5750","5750","5440","145988","805838900","85811275000","15602050"
"228850","레이언스","KOSDAQ","우량기업부","5870","-80","-1.34","6040","6040","5840","4305","25290305","97389252180","16591014"
"412350","레이저쎌","KOSDAQ","기술성장기업부","2480","-55","-2.17","2535","2540","2460","82990","207391115","21642890560","8726972"
"199550","레이저옵텍","KOSDAQ","벤처기업부","6900","-300","-4.17","7210","7300","6870","86813","604740540","84633957900","12265791"
"281740","레이크머티리얼즈","KOSDAQ","우량기업부","12270","-680","-5.25","12740","12780","12250","278850","3463864655","806513823960","65730548"
"277810","레인보우로보틱스","KOSDAQ","기술성장기업부","314000","-5500","-1.72","322500","326500","307500","379883","120600190500","6091555412000","19399858"
"215100","로보로보","KOSDAQ","벤처기업부","6590","-120","-1.79","6710","6930","6450","1353157","9071494940","134096311860","20348454"
"090360","로보스타","KOSDAQ","중견기업부","45650","-2150","-4.50","47500","49900","44850","1617208","76843271425","445087500000","9750000"
"238500","로보쓰리에이아이","KONEX","일반기업부","190","0","0.00","0","0","0","0","0","7983469780","42018262"
"108490","로보티즈","KOSDAQ","기술성장기업부","149000","3100","2.12","147000","159400","144500","3666563","560559758350","1969863440000","13220560"
"900260","로스웰","KOSDAQ","외국기업(소속부없음)","1075","-18","-1.65","1093","1093","1063","68406","73442849","38733634600","36031288"
"223220","로지스몬","KONEX","일반기업부","254","-44","-14.77","298","342","254","63","17430","12908463388","50820722"
"067730","로지시스","KOSDAQ","중견기업부","2980","10","0.34","2970","3000","2910","16833","49592760","28828287560","9673922"
"071280","로체시스템즈","KOSDAQ","우량기업부","11900","-690","-5.48","12570","12570","11860","73186","884691070","182029575700","15296603"
"376900","로킷헬스케어","KOSDAQ","기술성장기업부","21500","1250","6.17","20750","23350","20350","6846053","148366749425","332386538500","15459839"
"032350","롯데관광개발","KOSPI",,"18000","-500","-2.70","18500","18550","17970","709572","12907237690","1431710712000","79539484"
"089860","롯데렌탈","KOSPI",,"29400","-200","-0.68","29550","29550","29050","25160","736206800","1067496007200","36309388"
"330590","롯데리츠","KOSPI",,"3910","-25","-0.64","3900","3955","3870","438486","1716389285","1129868336440","288968884"
"000400","롯데손해보험","KOSPI",,"1985","-25","-1.24","2010","2030","1962","960192","1910264630","616017595200","310336320"
"023530","롯데쇼핑","KOSPI",,"70300","-900","-1.26","70500","71200","70000","36193","2549112750","1988699476500","28288755"
"020150","롯데에너지머티리얼즈","KOSPI",,"23100","-750","-3.14","23600","23650","22900","64527","1487478925","1209642195300","52365463"
"280360","롯데웰푸드","KOSPI",,"114000","-1300","-1.13","114400","114800","113100","10975","1250609350","1060721436000","9304574"
"286940","롯데이노베이트","KOSPI",,"21600","-600","-2.70","22350","22350","21200","29455","635532250","326794327200","15129367"
"004000","롯데정밀화학","KOSPI",,"47000","-850","-1.78","47150","48100","46600","48072","2260557075","1212600000000","25800000"
"004990","롯데지주","KOSPI",,"28950","-100","-0.34","29900","30000","28750","230271","6716929125","3037122411150","104909237"
"00499K","롯데지주우","KOSPI",,"30400","-300","-0.98","30750","31000","30150","300","9147750","24490331200","805603"
"005300","롯데칠성","KOSPI",,"115400","-600","-0.52","115500","115900","115000","17916","2064995550","1070783213600","9278884"
"005305","롯데칠성우","KOSPI",,"68100","100","0.15","68500","68500","67400","637","43279400","52798611000","775310"
"011170","롯데케미칼","KOSPI",,"67000","2500","3.88","64100","68900","64100","392330","26305998800","2865953073000","42775419"
"071840","롯데하이마트","KOSPI",,"7950","-120","-1.49","8070","8070","7930","12055","96334275","187681310400","23607712"
"328130","루닛","KOSDAQ","기술성장기업부","40300","-1450","-3.47","41750","41900","39850","134884","5441602325","1176944977000","29204590"
"038060","루멘스","KOSDAQ","우량기업부","740","-10","-1.33","750","759","737","47927","35584243","35596271060","48103069"
"474170","루미르","KOSDAQ","기술성장기업부","8680","-160","-1.81","8840","8950","8650","432427","3785526260","153876401280","17727696"
"162120","루켄테크놀러지스","KONEX","일반기업부","2255","-15","-0.66","2270","2375","2225","6286","14075380","25158137510","11156602"
"253610","루트락","KONEX","일반기업부","1110","98","9.68","1162","1162","1110","637","736967","11305805100","10185410"
"141080","리가켐바이오","KOSDAQ GLOBAL","기술성장기업부","142400","-4300","-2.93","145900","146200","139200","401033","56858255350","5213312131200","36610338"
"058470","리노공업","KOSDAQ GLOBAL","우량기업부","51100","-400","-0.78","50800","52200","50600","453103","23233452650","3894425535000","76211850"
"016100","리더스코스메틱","KOSDAQ","중견기업부","2350","-10","-0.42","2360","2360","2290","18050","41829050","44887100900","19100894"
"012700","리드코프","KOSDAQ","우량기업부","3995","-10","-0.25","4005","4025","3965","49082","195561484","105652309325","26446135"
"302550","리메드","KOSDAQ","기술성장기업부","3540","-80","-2.21","3570","3580","3450","319311","1121036405","111494169120","31495528"
"073570","리튬포어스","KOSDAQ","관리종목(소속부없음)","1235","-45","-3.52","1300","1324","1208","795686","995640203","74330501635","60186641"
"377450","리파인","KOSDAQ","우량기업부","14140","-340","-2.35","14680","14680","14060","57058","811024630","245046200000","17330000"
"277070","린드먼아시아","KOSDAQ","중견기업부","5550","0","0.00","5550","5800","5350","43047","237644090","75990600000","13692000"
"042500","링네트","KOSDAQ","우량기업부","3905","-65","-1.64","3995","3995","3895","67639","265315612","74468873270","19070134"
"193250","링크드","KOSDAQ","중견기업부","450","-10","-2.17","460","460","450","113475","51348868","28495519650","63323377"
"474650","링크솔루션","KOSDAQ","기술성장기업부","19550","-390","-1.96","19800","19870","19460","18164","355538490","109070075600","5579032"
"219420","링크제니시스","KOSDAQ","기술성장기업부","5030","-200","-3.82","5230","5290","5010","85190","432792015","57691620210","11469507"
"439090","마녀공장","KOSDAQ","중견기업부","16550","-190","-1.14","16630","16980","16380","38927","643800815","271060203000","16378260"
"027740","마니커","KOSPI",,"824","-8","-0.96","832","834","821","149552","123254353","52333251872","63511228"
"195500","마니커에프앤지","KOSDAQ","중견기업부","2790","0","0.00","2800","2800","2755","47024","130157700","44578620000","15978000"
"357430","마스턴프리미어리츠","KOSPI",,"1568","3","0.19","1565","1568","1563","26099","40839486","47832321376","30505307"
"377480","마음AI","KOSDAQ","기술성장기업부","24700","-250","-1.00","24200","25000","23700","268825","6541667100","175586742500","7108775"
"305090","마이크로디지탈","KOSDAQ","기술성장기업부","10190","-20","-0.20","10310","10450","9880","133898","1346384460","185559431260","18209954"
"448780","마이크로엔엑스","KONEX","일반기업부","2255","110","5.13","2395","2395","2255","14","31710","6038168400","2677680"
"098120","마이크로컨텍솔","KOSDAQ","중견기업부","21250","-500","-2.30","21400","21900","20600","104879","2224427375","176646277500","8312766"
"424980","마이크로투나노","KOSDAQ","기술성장기업부","8600","-530","-5.81","9130","9130","8600","51966","457144120","50902454000","5918890"
"038290","마크로젠","KOSDAQ","중견기업부","15600","-10","-0.06","15630","15630","15160","36251","554936875","169125840000","10841400"
"001080","만호제강","KOSPI",,"41200","2000","5.10","46350","50900","41000","429701","20090579200","170980000000","4150000"
"267980","매일유업","KOSDAQ","우량기업부","35550","-400","-1.11","35900","35900","35400","3622","128957250","272442330900","7663638"
"005990","매일홀딩스","KOSDAQ","우량기업부","10860","-120","-1.09","10980","11000","10830","2465","26933140","148980781440","13718304"
"093520","매커스","KOSDAQ","우량기업부","20650","-250","-1.20","20850","21550","20600","96328","2018219300","292467849800","14163092"
"088980","맥쿼리인프라","KOSPI",,"11470","0","0.00","11460","11510","11440","1085014","12452268285","5493235259710","478921993"
"094800","맵스리얼티1","KOSPI",,"5000","-20","-0.40","4980","5030","4930","76931","383652465","464171655000","92834331"
"179720","머니무브","KONEX","일반기업부","6800","0","0.00","6400","6800","6400","33","214400","16235537200","2387579"
"100590","머큐리","KOSDAQ","중견기업부","3140","-80","-2.48","3210","3245","3140","41468","131307085","49706272220","15830023"
"067280","멀티캠퍼스","KOSDAQ","우량기업부","32700","-250","-0.76","33000","33000","32300","7545","245398275","193805673300","5926779"
"072870","메가스터디","KOSDAQ","우량기업부","11220","-30","-0.27","11250","11300","11190","13588","152270300","133753159980","11920959"
"215200","메가스터디교육","KOSDAQ GLOBAL","우량기업부","46200","-1050","-2.22","46400","46850","46000","14764","683505950","497614979400","10770887"
"133750","메가엠디","KOSDAQ","중견기업부","1954","18","0.93","1937","1990","1937","34559","67876424","45737428458","23407077"
"446540","메가터치","KOSDAQ","중견기업부","4000","-140","-3.38","4140","4140","4000","100585","405770955","83084000000","20771000"
"235980","메드팩토","KOSDAQ","기술성장기업부","4300","-120","-2.71","4400","4435","4270","138860","601911704","147383020300","34275121"
"200580","메디쎄이","KONEX","일반기업부","12180","-20","-0.16","11500","12430","11500","1289","15660180","45383642220","3726079"
"041920","메디아나","KOSDAQ","우량기업부","5120","-150","-2.85","5270","5270","5120","40035","207166575","95222901760","18598223"
"233250","메디안디노스틱","KONEX","일반기업부","12480","0","0.00","0","0","0","0","0","21796744320","1746534"
"014100","메디앙스","KOSDAQ","중견기업부","2010","-15","-0.74","2010","2080","1990","27104","54301559","23718000000","11800000"
"236340","메디젠휴먼케어","KONEX","일반기업부","2000","200","11.11","1800","2000","1800","82","150000","6029294000","3014647"
"054180","메디콕스","KOSDAQ","관리종목(소속부없음)","2295","0","0.00","0","0","0","0","0","12686716395","5527981"
"086900","메디톡스","KOSDAQ","우량기업부","120600","-2700","-2.19","123100","123100","120200","37299","4511378300","880198738200","7298497"
"078160","메디포스트","KOSDAQ","벤처기업부","14250","-370","-2.53","14770","14790","13850","101725","1439751020","487603436250","34217785"
"138040","메리츠금융지주","KOSPI",,"112400","-2500","-2.18","114200","114200","112200","217479","24559902150","19694927285200","175221773"
"408920","메쎄이상","KOSDAQ","벤처기업부","3370","40","1.20","3390","3460","3285","149424","501979085","145693373350","43232455"
"021880","메이슨캐피탈","KOSDAQ","중견기업부","293","0","0.00","295","298","290","344530","100796856","62170031544","212184408"
"140410","메지온","KOSDAQ","중견기업부","66300","100","0.15","65100","68700","63700","121802","8019813900","1996613892000","30114840"
"241770","메카로","KOSDAQ","우량기업부","19650","30","0.15","19650","19950","19200","114073","2233038165","200285376000","10192640"
"090370","메타랩스","KOSPI",,"1349","-19","-1.39","1368","1389","1349","41234","56082247","33596425461","24904689"
"059210","메타바이오메드","KOSDAQ","우량기업부","5800","-180","-3.01","5950","5970","5750","467666","2725624120","161495072400","27843978"
"118000","메타케어","KOSPI",,"339","17","5.28","319","345","319","4934357","1646159734","58232526396","171777364"
"058110","멕아이씨에스","KOSDAQ","기술성장기업부","1970","-40","-1.99","2010","2030","1962","69873","138332271","31619544100","16050530"
"017180","명문제약","KOSPI",,"1667","-42","-2.46","1710","1716","1665","61035","102481405","56600407818","33953454"
"009900","명신산업","KOSPI",,"8640","-190","-2.15","8840","8880","8530","111123","957701600","453341949120","52470133"
"012690","모나리자","KOSPI",,"2475","-45","-1.79","2505","2530","2450","51091","126374955","90513856125","36571255"
"005360","모나미","KOSPI",,"1994","-6","-0.30","2000","2120","1972","369518","743645536","37681230158","18897307"
"070960","모나용평","KOSPI",,"3960","-40","-1.00","4000","4005","3900","173832","683805620","190607998680","48133333"
"434480","모니터랩","KOSDAQ","기술성장기업부","4330","-270","-5.87","4600","4610","4290","523616","2307651159","53303599000","12310300"
"080420","모다이노칩","KOSDAQ","중견기업부","2050","-40","-1.91","2080","2100","2040","10017","20625390","163429325100","79721622"
"417970","모델솔루션","KOSDAQ","중견기업부","12170","-480","-3.79","12880","13010","12020","109711","1363625530","77847839000","6396700"
"080160","모두투어","KOSDAQ","벤처기업부","12380","-450","-3.51","12830","12990","12360","82955","1040824955","233982000000","18900000"
"087260","모바일어플라이언스","KOSDAQ","벤처기업부","2010","-90","-4.29","2075","2090","2000","266293","540390605","65431250610","32552861"
"101330","모베이스","KOSDAQ","중견기업부","3300","-75","-2.22","3355","3365","3300","41949","139032095","76385195700","23147029"
"012860","모베이스전자","KOSDAQ","우량기업부","1354","-26","-1.88","1379","1384","1338","173006","235397405","99158100778","73233457"
"363260","모비데이즈","KOSDAQ","벤처기업부","1981","-144","-6.78","2165","2170","1971","1282676","2623821045","63716426389","32163769"
"348030","모비릭스","KOSDAQ","중견기업부","4115","-155","-3.63","4270","4270","4100","2436","10139990","39519637000","9603800"
"250060","모비스","KOSDAQ","기술성장기업부","2655","-50","-1.85","2685","2770","2615","427611","1137690262","85414838670","32171314"
"288980","모아데이타","KOSDAQ","기술성장기업부","1091","-23","-2.06","1114","1130","1089","155259","170572317","37701209142","34556562"
"142760","모아라이프플러스","KOSDAQ","기술성장기업부","1552","17","1.11","1535","1560","1490","108390","166298164","60611066144","39053522"
"033200","모아텍","KOSDAQ","투자주의환기종목(소속부없음)","3425","20","0.59","3405","3670","3305","39467","134728440","49084308625","14331185"
"333050","모코엠시스","KOSDAQ","벤처기업부","1593","-46","-2.81","1638","1638","1555","259811","411379127","39209028318","24613326"
"009680","모토닉","KOSPI",,"10050","0","0.00","10020","10140","9970","42072","421946055","281902500000","28050000"
"118990","모트렉스","KOSDAQ","우량기업부","8350","-310","-3.58","8650","8650","8270","104548","876360670","207597616500","24861990"
"463480","모티브링크","KOSDAQ","중견기업부","8660","-350","-3.88","8930","8930","8600","61117","531974890","107300500280","12390358"
"006920","모헨즈","KOSDAQ","중견기업부","3275","5","0.15","3280","3345","3230","86777","284689240","35763000000","10920000"
"009580","무림P&P","KOSPI",,"2555","-20","-0.78","2555","2585","2540","74990","191438911","159351067820","62368324"
"001810","무림SP","KOSDAQ","중견기업부","1607","2","0.12","1600","1613","1568","12870","20516099","35574962500","22137500"
"009200","무림페이퍼","KOSPI",,"2005","0","0.00","2010","2015","1999","91600","183323535","83426666550","41609310"
"322970","무진메디","KONEX","일반기업부","2075","25","1.22","2080","2080","1920","66","128455","20857854350","10051978"
"033920","무학","KOSPI",,"8190","-60","-0.73","8250","8250","8120","36435","297231990","233415000000","28500000"
"008420","문배철강","KOSPI",,"2325","-50","-2.11","2360","2360","2295","110173","255455657","47670649125","20503505"
"279600","미디어젠","KOSDAQ","중견기업부","9820","-300","-2.96","10070","10070","9300","10895","106468850","46004549420","4684781"
"095500","미래나노텍","KOSDAQ","우량기업부","9570","-420","-4.20","10030","10040","9250","214180","2077152535","296765690430","31009999"
"254490","미래반도체","KOSDAQ","우량기업부","16960","-1090","-6.04","17730","17730","16890","102057","1757921480","244868480000","14438000"
"025560","미래산업","KOSPI",,"10330","-360","-3.37","10660","10660","10280","36235","375848760","46305815820","4482654"
"218150","미래생명자원","KOSDAQ","벤처기업부","3305","-55","-1.64","3355","3400","3260","123977","409579511","67474225610","20415802"
"007120","미래아이앤지","KOSPI",,"874","-12","-1.35","887","894","873","60411","53226568","25239903392","28878608"
"396690","미래에셋글로벌리츠","KOSPI",,"2780","-10","-0.36","2790","2790","2770","88242","245054559","110104513200","39605940"
"442900","미래에셋드림스팩1호","KOSDAQ","관리종목(소속부없음)","10530","0","0.00","10530","10540","10530","62206","655413455","80870400000","7680000"
"357250","미래에셋맵스리츠","KOSPI",,"2780","-15","-0.54","2810","2810","2775","11498","32007598","69486391900","24995105"
"100790","미래에셋벤처투자","KOSDAQ","우량기업부","7940","-300","-3.64","8200","8210","7810","250789","1996123475","421809593960","53124634"
"448830","미래에셋비전스팩3호","KOSDAQ","SPAC(소속부없음)","2095","-35","-1.64","2145","2145","2095","52162","109497135","10307400000","4920000"
"477380","미래에셋비전스팩4호","KOSDAQ","SPAC(소속부없음)","2040","5","0.25","2035","2045","2025","96773","196749275","16524000000","8100000"
"477470","미래에셋비전스팩5호","KOSDAQ","SPAC(소속부없음)","2085","15","0.72","2070","2085","2070","8606","17831030","11425800000","5480000"
"478440","미래에셋비전스팩6호","KOSDAQ","SPAC(소속부없음)","2020","-5","-0.25","2025","2045","2020","54718","111002740","13998600000","6930000"
"482680","미래에셋비전스팩7호","KOSDAQ","SPAC(소속부없음)","2000","1","0.05","1999","2000","1999","43333","86652725","16430000000","8215000"
"085620","미래에셋생명","KOSPI",,"7750","-140","-1.77","7810","7820","7650","125793","970567450","1371875464750","177016189"
"006800","미래에셋증권","KOSPI",,"20600","200","0.98","21150","21200","20400","4463672","92403520850","11748518004800","570316408"
"00680K","미래에셋증권2우B","KOSPI",,"9210","10","0.11","9300","9430","9100","566912","5238643240","1266375000000","137500000"
"006805","미래에셋증권우","KOSPI",,"9570","-40","-0.42","9700","9790","9500","79138","770967970","134704927500","14075750"
"208890","미래엔에듀파트너","KONEX","일반기업부","1090","0","0.00","0","0","0","0","0","4366016800","4005520"
"049950","미래컴퍼니","KOSDAQ","우량기업부","15310","-560","-3.53","15870","15870","15280","38267","590551365","135001804040","8817884"
"207760","미스터블루","KOSDAQ","중견기업부","1717","-30","-1.72","1757","1757","1714","1075668","1859053610","142647987411","83079783"
"081660","미스토홀딩스","KOSPI",,"39100","-550","-1.39","39300","39450","38900","72269","2822393700","2349747304900","60095839"
"002840","미원상사","KOSPI",,"152000","-1600","-1.04","153600","153800","148200","1600","240415500","722000000000","4750000"
"268280","미원에스씨","KOSPI",,"140700","200","0.14","138800","140900","137600","659","91397200","703500000000","5000000"
"107590","미원홀딩스","KOSPI",,"71900","-500","-0.69","72300","72400","71500","96","6901200","166808000000","2320000"
"134380","미원화학","KOSPI",,"87000","-400","-0.46","87400","87400","85600","1638","142299500","191336316000","2199268"
"351020","미쥬","KONEX","일반기업부","8170","1060","14.91","8170","8170","8170","1","8170","16952750000","2075000"
"003650","미창석유","KOSPI",,"108500","-700","-0.64","109300","112500","107800","764","82882200","188754412000","1739672"
"059090","미코","KOSDAQ","중견기업부","14270","-600","-4.03","14750","14750","14140","509022","7331125805","476857422060","33416778"
"201490","미투온","KOSDAQ","중견기업부","6000","-240","-3.85","6120","6230","5870","2588686","15612795525","182340552000","30390092"
"475460","미트박스","KOSDAQ","중견기업부","10340","-350","-3.27","10690","10690","10200","60638","630535330","57962421000","5605650"
"452200","민테크","KOSDAQ","기술성장기업부","2925","-80","-2.66","3015","3025","2860","126464","368429357","69087915000","23619800"
"206640","바디텍메드","KOSDAQ","우량기업부","14200","-180","-1.25","14340","14380","14080","40870","579404010","333509152000","23486560"
"018700","바른손","KOSDAQ","중견기업부","1097","10","0.92","1087","1097","1066","32554","34984289","38526373429","35119757"
"035620","바른손이앤에이","KOSDAQ","중견기업부","436","0","0.00","431","447","427","128080","55641904","32455698300","74439675"
"354390","바스칸바이오제약","KONEX","일반기업부","5340","-30","-0.56","5400","5400","5200","4","21280","37477438980","7018247"
"053030","바이넥스","KOSDAQ","중견기업부","16800","-180","-1.06","17060","17150","16540","295544","4950047185","549094358400","32684188"
"301300","바이브컴퍼니","KOSDAQ","기술성장기업부","4545","-50","-1.09","4595","4700","4425","39331","177184980","59788166040","13154712"
"377740","바이오노트","KOSPI",,"5840","-70","-1.18","5800","6010","5710","130231","763201470","596007320320","102056048"
"064550","바이오니아","KOSDAQ","벤처기업부","13960","-300","-2.10","14210","14310","13880","90181","1262337485","360311662360","25810291"
"314930","바이오다인","KOSDAQ","기술성장기업부","12930","-470","-3.51","13400","13400","12800","81684","1058222180","384849851790","29764103"
"489460","바이오비쥬","KOSDAQ","벤처기업부","15690","-530","-3.27","16200","16230","15600","76771","1214709065","236047106700","15044430"
"086820","바이오솔루션","KOSDAQ","기술성장기업부","8670","-90","-1.03","8880","8880","8560","35364","306446785","210253239540","24250662"
"038460","바이오스마트","KOSDAQ","우량기업부","2965","-35","-1.17","2995","3030","2925","94201","278038759","77577558670","26164438"
"251120","바이오에프디엔씨","KOSDAQ","기술성장기업부","17460","-360","-2.02","17820","17840","17310","41566","727951615","151826922000","8695700"
"199730","바이오인프라","KOSDAQ","벤처기업부","5160","20","0.39","5140","5260","5010","17185","87832695","25100133720","4864367"
"266470","바이오인프라생명과학","KONEX","일반기업부","157","3","1.95","160","177","150","11353","1723931","4374964983","27866019"
"289170","바이오텐","KONEX","일반기업부","3695","-95","-2.51","4345","4345","3695","11","41295","13215865855","3576689"
"086040","바이오톡스텍","KOSDAQ","벤처기업부","3095","-160","-4.92","3255","3255","3090","46068","144062160","49390774465","15958247"
"188040","바이오포트","KOSDAQ","벤처기업부","11640","150","1.31","11490","11690","11290","36452","419215965","51551965320","4428863"
"199290","바이오프로테크","KONEX","일반기업부","482","57","13.41","482","482","482","1","482","7868742544","16325192"
"099430","바이오플러스","KOSDAQ","우량기업부","6650","-200","-2.92","6800","6840","6600","910761","6072431815","402589736500","60539810"
"032980","바이온","KOSDAQ","관리종목(소속부없음)","604","0","0.00","0","0","0","0","0","13522952980","22388995"
"308080","바이젠셀","KOSDAQ","기술성장기업부","3910","-40","-1.01","3960","3985","3795","78717","304502745","79955981000","20449100"
"043150","바텍","KOSDAQ","우량기업부","22250","-750","-3.26","23000","23000","22000","37322","833574950","330507196000","14854256"
"323990","박셀바이오","KOSDAQ","기술성장기업부","9200","-280","-2.95","9490","9820","9150","100757","936289825","213967574000","23257345"
"003610","방림","KOSPI",,"5070","275","5.74","4790","5330","4730","332420","1662101680","203824941060","40202158"
"267790","배럴","KOSDAQ","벤처기업부","3965","-30","-0.75","3995","4050","3950","33490","133737590","31277902500","7888500"
"046310","백금T&A","KOSDAQ","우량기업부","2880","0","0.00","2875","2880","2830","52336","149053470","47285686080","16418641"
"035150","백산","KOSPI",,"14140","110","0.78","14100","14180","14030","14616","205943300","296967813380","21001967"
"331520","밸로프","KOSDAQ","중견기업부","586","-1","-0.17","587","590","581","223133","130243256","29806532540","50864390"
"199480","뱅크웨어글로벌","KOSDAQ","기술성장기업부","8760","340","4.04","8590","9800","8490","14956694","136160381655","88490348880","10101638"
"438700","버넥트","KOSDAQ","기술성장기업부","4240","-140","-3.20","4315","4340","4160","198129","836621529","47254333600","11144890"
"066410","버킷스튜디오","KOSDAQ","관리종목(소속부없음)","1153","0","0.00","0","0","0","0","0","143032122032","124052144"
"002410","범양건영","KOSPI",,"1935","0","0.00","0","0","0","0","0","53173451700","27479820"
"382900","범한퓨얼셀","KOSDAQ","벤처기업부","30100","-900","-2.90","30900","31550","29400","563573","17037481975","263706100000","8761000"
"206400","베노티앤알","KOSDAQ","중견기업부","2260","-35","-1.53","2295","2310","2240","101219","228702970","84772957080","37510158"
"019010","베뉴지","KOSDAQ","중견기업부","2400","-60","-2.44","2460","2460","2375","27415","66147860","115680000000","48200000"
"177350","베셀","KOSDAQ","벤처기업부","1411","-99","-6.56","1510","1510","1385","734836","1039991332","27731465237","19653767"
"457600","벡트","KOSDAQ","벤처기업부","3020","-100","-3.21","3120","3120","3005","32300","97651835","41396650000","13707500"
"424760","벨로크","KOSDAQ","벤처기업부","940","-47","-4.76","996","1000","935","119756","115360228","18485101880","19665002"
"007210","벽산","KOSPI",,"1933","-11","-0.57","1822","1948","1822","1018995","1897993568","129240380000","66860000"
"250000","보라티알","KOSDAQ","우량기업부","9310","-20","-0.21","9360","9360","9190","7579","69866490","62849324230","6750733"
"002760","보락","KOSPI",,"1036","1","0.10","1036","1044","1026","71192","73345757","62056400000","59900000"
"003850","보령","KOSPI",,"8420","-140","-1.64","8570","8570","8260","130412","1090202135","722328282940","85787207"
"310210","보로노이","KOSDAQ","기술성장기업부","150900","-4100","-2.65","153200","154200","147300","93308","14010666750","2775265428900","18391421"
"006910","보성파워텍","KOSDAQ","벤처기업부","4580","40","0.88","4530","4665","4450","2171775","9895461354","225014593920","49129824"
"000890","보해양조","KOSPI",,"439","-7","-1.57","446","446","436","261901","115643194","61073736631","139120129"
"226340","본느","KOSDAQ","벤처기업부","849","-10","-1.16","859","875","837","260096","220544762","35617604580","41952420"
"496320","본시스템즈","KONEX","일반기업부","20150","50","0.25","0","0","0","0","0","20150000000","1000000"
"206950","볼빅","KONEX","일반기업부","1670","-158","-8.64","1860","1860","1600","40","66075","23509032550","14077265"
"003000","부광약품","KOSPI",,"3520","-100","-2.76","3600","3610","3485","471979","1660537991","347299641920","98664671"
"001270","부국증권","KOSPI",,"65500","900","1.39","67500","68200","64500","65394","4315368700","679227533000","10369886"
"001275","부국증권우","KOSPI",,"26000","-400","-1.52","26750","26750","26000","5807","152260300","78000000000","3000000"
"026940","부국철강","KOSPI",,"2290","-40","-1.72","2335","2335","2285","53668","123120945","45800000000","20000000"
"014470","부방","KOSDAQ","중견기업부","1490","-27","-1.78","1513","1518","1484","195251","292547937","89477867400","60052260"
"011390","부산산업","KOSPI",,"82100","-3500","-4.09","85600","85600","82100","5011","415958850","86697600000","1056000"
"005030","부산주공","KOSPI",,"486","0","0.00","0","0","0","0","0","38288532168","78782988"
"008470","부스타","KOSDAQ","벤처기업부","4085","-30","-0.73","4115","4150","4050","16723","68517310","34333608000","8404800"
"338220","뷰노","KOSDAQ","기술성장기업부","22300","-1300","-5.51","23800","23800","22050","167423","3802801650","312240652900","14001823"
"100120","뷰웍스","KOSDAQ","우량기업부","19930","-320","-1.58","20300","20350","19870","44851","896732790","194317500000","9750000"
"406820","뷰티스킨","KOSDAQ","벤처기업부","11630","-360","-3.00","11990","11990","11450","7655","89315850","41100885200","3534040"
"099390","브레인즈컴퍼니","KOSDAQ","벤처기업부","5650","-50","-0.88","5750","5750","5550","35375","199094455","46376798950","8208283"
"064480","브리지텍","KOSDAQ","벤처기업부","4950","-15","-0.30","5000","5000","4870","46211","226252625","59164875000","11952500"
"365900","브이씨","KOSDAQ","벤처기업부","3205","-80","-2.44","3315","3500","3190","25938","86479445","23429511500","7310300"
"089970","브이엠","KOSDAQ","우량기업부","16870","-860","-4.85","17700","17700","16600","291859","4972706620","406155287650","24075595"
"251630","브이원텍","KOSDAQ","벤처기업부","5520","-230","-4.00","5750","5750","5500","58429","326344705","88004730720","15942886"
"018290","브이티","KOSDAQ","우량기업부","31050","400","1.31","30850","31450","30450","590100","18265538350","1111528117350","35798007"
"478560","블랙야크아이앤씨","KOSDAQ","벤처기업부","3775","-105","-2.71","3880","3880","3775","24701","93807410","97509374950","25830298"
"439580","블루엠텍","KOSDAQ","기술성장기업부","5680","-40","-0.70","5630","5830","5630","1070895","6122271150","190340565840","33510663"
"033560","블루콤","KOSDAQ","중견기업부","3250","-20","-0.61","3235","3255","3150","31598","101947390","55575000000","17100000"
"191600","블루탑","KONEX","일반기업부","6900","0","0.00","0","0","0","0","0","19726603200","2858928"
"369370","블리츠웨이엔터테인먼트","KOSDAQ","벤처기업부","1259","9","0.72","1245","1261","1235","30454","38100885","62788735949","49871911"
"126340","비나텍","KOSDAQ","벤처기업부","44950","-450","-0.99","45450","46600","44550","160399","7307588325","288294376600","6413668"
"121800","비덴트","KOSDAQ","관리종목(소속부없음)","3320","0","0.00","0","0","0","0","0","256309348520","77201611"
"082800","비보존 제약","KOSDAQ","중견기업부","6800","-130","-1.88","6910","6990","6785","216239","1478732375","340711728800","50104666"
"318410","비비씨","KOSDAQ","중견기업부","8770","60","0.69","8690","8800","8630","8877","77291740","48719481110","5555243"
"002070","비비안","KOSPI",,"738","-2","-0.27","743","743","726","296286","217009041","33354704826","45196077"
"100220","비상교육","KOSPI",,"5490","-120","-2.14","5610","5610","5420","28805","157518680","71352108090","12996741"
"419540","비스토스","KOSDAQ","벤처기업부","1358","-182","-11.82","1500","1520","1330","1584109","2200531982","31223829938","22992511"
"146320","비씨엔씨","KOSDAQ","벤처기업부","13850","-570","-3.95","14220","14660","13550","156623","2191179895","177251233550","12797923"
"200780","비씨월드제약","KOSDAQ","중견기업부","4510","-70","-1.53","4580","4585","4500","12414","56087755","43910442400","9736240"
"413640","비아이매트릭스","KOSDAQ","벤처기업부","14000","-960","-6.42","14700","14700","13760","133481","1880023415","100897160000","7206940"
"141000","비아트론","KOSDAQ","벤처기업부","8440","-240","-2.76","8680","8680","8350","24158","204033200","102248152400","12114710"
"090460","비에이치","KOSPI",,"17560","-1070","-5.74","18640","18660","17540","664582","11855478930","605194495240","34464379"
"083650","비에이치아이","KOSDAQ","중견기업부","48150","1400","2.99","46750","49600","46500","1236402","59558836775","1489971656250","30944375"
"473370","비엔케이제2호스팩","KOSDAQ","SPAC(소속부없음)","2020","0","0.00","0","0","0","0","0","8504200000","4210000"
"065170","비엘팜텍","KOSDAQ","투자주의환기종목(소속부없음)","712","1","0.14","704","725","704","49784","35389631","18998313800","26683025"
"086670","비엠티","KOSDAQ","우량기업부","11810","-160","-1.34","11860","12130","11650","21730","255207260","117224701850","9925885"
"335890","비올","KOSDAQ","벤처기업부","17890","-2110","-10.55","19670","20800","16450","556654","10587661720","1045118146250","58419125"
"230980","비유테크놀러지","KOSDAQ","관리종목(소속부없음)","229","0","0.00","0","0","0","0","0","21370407553","93320557"
"082920","비츠로셀","KOSDAQ","우량기업부","29400","-1100","-3.61","30350","30400","29050","116575","3444142675","672443062200","22872213"
"054220","비츠로시스","KOSDAQ","벤처기업부","417","10","2.46","407","451","403","3389203","1454894548","25000434777","59953081"
"042370","비츠로테크","KOSDAQ","우량기업부","8280","-330","-3.83","8610","8610","8210","182443","1523583445","216936207000","26200025"
"050090","비케이홀딩스","KOSDAQ","투자주의환기종목(소속부없음)","904","-12","-1.31","915","917","897","39160","35450571","17885400440","19784735"
"148780","비큐AI","KOSDAQ","기술성장기업부","1763","-30","-1.67","1793","1804","1730","382783","669312404","55438813175","31445725"
"307870","비투엔","KOSDAQ","벤처기업부","1285","-99","-7.15","1391","1395","1255","416681","548020507","75726462215","58931099"
"377030","비트맥스","KOSDAQ","기술성장기업부","3615","-110","-2.95","3700","3710","3550","237253","857277310","134590867530","37231222"
"032850","비트컴퓨터","KOSDAQ","벤처기업부","4955","-85","-1.69","5040","5040","4945","68824","343115610","82368416815","16623293"
"238200","비피도","KOSDAQ","벤처기업부","4315","95","2.25","4220","4350","4075","73104","311833197","35296700000","8180000"
"093190","빅솔론","KOSDAQ","우량기업부","5710","0","0.00","5790","5790","5690","4931","28103030","109854147550","19238905"
"065450","빅텍","KOSDAQ","벤처기업부","3865","-50","-1.28","3915","3945","3840","226461","877970170","110743072000","28652800"
"044480","빌리언스","KOSDAQ","중견기업부","406","-18","-4.25","423","428","404","4150044","1715721383","32749473568","80663728"
"005180","빙그레","KOSPI",,"75000","-600","-0.79","76000","76400","74400","31146","2334730800","716677725000","9555703"
"069540","빛과전자","KOSDAQ","중견기업부","772","-31","-3.86","803","810","772","573448","452839639","45866732552","59412866"
"072950","빛샘전자","KOSDAQ","벤처기업부","5190","-50","-0.95","5170","5200","5100","78363","402426760","41793045900","8052610"
"266170","뿌리깊은나무들","KONEX","일반기업부","346","-2","-0.57","330","346","330","201","66346","2539040382","7338267"
"451250","삐아","KOSDAQ","벤처기업부","11890","80","0.68","11600","11960","11540","404276","4750926205","121585677530","10225877"
"143240","사람인","KOSDAQ","우량기업부","14150","-100","-0.70","14250","14400","14100","47831","677506805","165686071450","11709263"
"466410","사이냅소프트","KOSDAQ","벤처기업부","13720","-600","-4.19","14260","14260","13500","55993","771340570","69107955560","5037023"
"003960","사조대림","KOSPI",,"39850","300","0.76","39850","39850","38650","16748","656994700","365204009950","9164467"
"008040","사조동아원","KOSPI",,"1235","-3","-0.24","1242","1247","1226","1105372","1365575282","174313581000","141144600"
"007160","사조산업","KOSPI",,"47050","-1150","-2.39","48750","48750","47000","9104","430825950","235250000000","5000000"
"014710","사조씨푸드","KOSPI",,"8450","-130","-1.52","8490","8640","8400","19326","163338325","145496688350","17218543"
"006090","사조오양","KOSPI",,"9830","-70","-0.71","9900","9900","9720","5828","57505890","92625524370","9422739"
"223310","사토시홀딩스","KOSDAQ","중견기업부","3230","-150","-4.44","3380","3430","3215","374464","1241937452","82221145490","25455463"
"452430","사피엔반도체","KOSDAQ","기술성장기업부","27100","-450","-1.63","27250","27500","26400","73782","1980878000","222576934100","8213171"
"419120","산돌","KOSDAQ","중견기업부","5260","-160","-2.95","5450","5520","5230","195631","1037415995","79602246820","15133507"
"062040","산일전기","KOSPI",,"113200","-2000","-1.74","115000","116000","112100","312377","35613407150","3446396640000","30445200"
"122350","삼기","KOSDAQ","중견기업부","1304","-27","-2.03","1330","1378","1265","386275","512012532","49994614112","38339428"
"419050","삼기에너지솔루션즈","KOSDAQ","우량기업부","2110","100","4.98","2005","2330","1981","10999524","24137375936","120684066400","57196240"
"014970","삼륭물산","KOSDAQ","중견기업부","7000","-180","-2.51","7120","7180","6980","40511","285669940","105875000000","15125000"
"018310","삼목에스폼","KOSDAQ","우량기업부","22550","-200","-0.88","22600","22700","22550","17183","388070925","331485000000","14700000"
"012210","삼미금속","KONEX","일반기업부","4725","615","14.96","4110","4725","4110","7420","34817600","93397227525","19766609"
"053700","삼보모터스","KOSDAQ","우량기업부","3895","-50","-1.27","3920","3930","3885","85304","332671265","89106655050","22877190"
"009620","삼보산업","KOSDAQ","중견기업부","1859","-57","-2.97","1916","1916","1855","99187","185309964","30461743169","16386091"
"023600","삼보판지","KOSDAQ","우량기업부","9540","-80","-0.83","9600","9630","9450","13567","129602670","152719182000","16008300"
"001470","삼부토건","KOSPI",,"347","0","0.00","0","0","0","0","0","79699592928","229681824"
"028050","삼성E&A","KOSPI",,"27150","-700","-2.51","27600","27650","27050","472101","12859881375","5321400000000","196000000"
"448730","삼성FN리츠","KOSPI",,"4340","-5","-0.12","4345","4350","4305","118418","512537096","395157000000","91050000"
"006400","삼성SDI","KOSPI",,"202500","-8000","-3.80","208000","208000","202500","378492","77106495250","16318569825000","80585530"
"006405","삼성SDI우","KOSPI",,"127300","-5600","-4.21","132800","132800","126900","10464","1343427350","205958160800","1617896"
"006660","삼성공조","KOSPI",,"14550","-80","-0.55","14780","14880","14150","182630","2664803645","118237868700","8126314"
"028260","삼성물산","KOSPI",,"187900","-2400","-1.26","188400","189300","185900","286185","53556826650","31938592617600","169976544"
"02826K","삼성물산우B","KOSPI",,"123500","-2600","-2.06","126000","126000","121900","10016","1233688700","181247365000","1467590"
"207940","삼성바이오로직스","KOSPI",,"1000000","-22000","-2.15","1010000","1015000","982000","94936","95131781500","71174000000000","71174000"
"032830","삼성생명","KOSPI",,"152000","1800","1.20","150300","152700","149100","353127","53495696500","30400000000000","200000000"
"0044K0","삼성스팩10호","KOSDAQ","SPAC(소속부없음)","1992","3","0.15","1988","1992","1988","142165","282992716","14979840000","7520000"
"448740","삼성스팩8호","KOSDAQ","관리종목(소속부없음)","10630","20","0.19","10600","10630","10600","143525","1523368960","49578320000","4664000"
"018260","삼성에스디에스","KOSPI",,"161700","-3700","-2.24","163800","164800","160900","125110","20335268950","12511990260000","77377800"
"009150","삼성전기","KOSPI",,"191700","-8300","-4.15","197700","198100","188600","850907","162921609950","14318781523200","74693696"
"009155","삼성전기우","KOSPI",,"84900","-4300","-4.82","89000","89000","83200","55449","4690470900","246802941600","2906984"
"005930","삼성전자","KOSPI",,"83300","-2800","-3.25","85000","85300","82400","24071193","2011031686444","493105838902600","5919637922"
"005935","삼성전자우","KOSPI",,"65200","-2200","-3.26","66800","67000","65000","2629345","172993861750","53201548092800","815974664"
"001360","삼성제약","KOSPI",,"1616","-33","-2.00","1649","1649","1604","156801","253185963","152165919664","94162079"
"010140","삼성중공업","KOSPI",,"20850","-1100","-5.01","21850","21900","20700","5081199","107012031925","18348000000000","880000000"
"016360","삼성증권","KOSPI",,"71400","-1000","-1.38","72500","72600","71000","239998","17166547600","6376020000000","89300000"
"068290","삼성출판사","KOSPI",,"15880","-190","-1.18","16110","16270","15770","18562","295912350","158800000000","10000000"
"029780","삼성카드","KOSPI",,"51500","0","0.00","51000","51700","50900","52857","2709673000","5966732886500","115858891"
"000810","삼성화재","KOSPI",,"451000","1000","0.22","450000","456500","449000","75425","34085002750","20751030905000","46011155"
"000815","삼성화재우","KOSPI",,"338500","-500","-0.15","337500","340500","335000","6687","2253948250","1049184135000","3099510"
"006110","삼아알미늄","KOSPI",,"20900","-1050","-4.78","21500","21500","20700","48837","1025694700","307479044400","14711916"
"009300","삼아제약","KOSDAQ","우량기업부","16820","-70","-0.41","17050","17050","16630","5924","98971920","107143400000","6370000"
"145990","삼양사","KOSPI",,"50800","-700","-1.36","51200","51600","50600","9689","493989900","523923209200","10313449"
"145995","삼양사우","KOSPI",,"35900","-100","-0.28","35700","36000","35500","328","11666450","13285513000","370070"
"003230","삼양식품","KOSPI",,"1466000","10000","0.69","1456000","1497000","1430000","42601","62596780000","11043399990000","7533015"
"482630","삼양엔씨켐","KOSDAQ","중견기업부","21650","-450","-2.04","21700","22600","21100","236523","5191922850","236940631000","10944140"
"484590","삼양컴텍","KOSDAQ","중견기업부","17970","-960","-5.07","19000","19020","17870","845602","15317605610","740551786500","41210450"
"036670","삼양케이씨아이","KOSDAQ","우량기업부","6740","-50","-0.74","6790","6800","6650","40472","272439750","75959800000","11270000"
"002170","삼양통상","KOSPI",,"55200","100","0.18","55200","55300","54400","2949","162201700","165600000000","3000000"
"272550","삼양패키징","KOSPI",,"13430","-10","-0.07","13410","13510","13350","9801","131317905","205894940530","15330971"
"000070","삼양홀딩스","KOSPI",,"89400","-1600","-1.76","91100","91100","89000","12676","1138244750","767796612600","8588329"
"003720","삼영","KOSPI",,"4830","-45","-0.92","4815","4890","4740","282850","1360471440","164220000000","34000000"
"002810","삼영무역","KOSPI",,"15010","-430","-2.78","15400","15440","15010","27825","420974015","277188889480","18466948"
"361670","삼영에스앤씨","KOSDAQ","기술성장기업부","4100","-25","-0.61","4095","4125","4010","5392","21933700","23237397800","5667658"
"054540","삼영엠텍","KOSDAQ","중견기업부","11310","-680","-5.67","11990","12100","11080","1101476","12552710245","147030000000","13000000"
"065570","삼영이엔씨","KOSDAQ","관리종목(소속부없음)","764","0","0.00","0","0","0","0","0","12295692232","16093838"
"005680","삼영전자","KOSPI",,"10390","-180","-1.70","10570","10570","10300","32746","339365760","207800000000","20000000"
"023000","삼원강재","KOSPI",,"2415","-10","-0.41","2425","2440","2400","9923","23970920","96600000000","40000000"
"004380","삼익THK","KOSPI",,"9960","0","0.00","0","0","0","0","0","209160000000","21000000"
"002450","삼익악기","KOSPI",,"1259","-10","-0.79","1269","1269","1249","62674","78675829","113978421985","90530915"
"032280","삼일","KOSDAQ","중견기업부","1330","-28","-2.06","1351","1358","1322","46810","62532373","21564074700","16213590"
"002290","삼일기업공사","KOSDAQ","벤처기업부","3445","-25","-0.72","3480","3490","3420","30320","104299465","42718000000","12400000"
"004440","삼일씨엔에스","KOSPI",,"4790","-15","-0.31","4805","4805","4675","12572","59341895","60986026130","12731947"
"000520","삼일제약","KOSPI",,"10000","-210","-2.06","10160","10270","9980","175357","1765393485","216918110000","21691811"
"009770","삼정펄프","KOSPI",,"28150","-50","-0.18","27900","28450","27900","3724","104856550","70374183650","2499971"
"037460","삼지전자","KOSDAQ","벤처기업부","11950","-490","-3.94","12430","12430","11950","72903","882503665","195006337900","16318522"
"032750","삼진","KOSDAQ","우량기업부","4020","-15","-0.37","4010","4040","3970","25977","103950070","36305110440","9031122"
"054090","삼진엘앤디","KOSDAQ","중견기업부","834","-26","-3.02","851","860","834","37877","31757362","20815999488","24959232"
"005500","삼진제약","KOSPI",,"19180","-420","-2.14","19410","19600","19150","38870","749858655","266602000000","13900000"
"000250","삼천당제약","KOSDAQ","중견기업부","216000","-10000","-4.42","223500","224500","211500","219714","47594393500","5066813952000","23457472"
"004690","삼천리","KOSPI",,"123500","-2000","-1.59","125900","126000","122200","10545","1309437150","500795587500","4055025"
"024950","삼천리자전거","KOSDAQ","중견기업부","4725","-30","-0.63","4755","4940","4695","433259","2081605375","62717651325","13273577"
"038500","삼표시멘트","KOSDAQ","우량기업부","3190","-15","-0.47","3205","3240","3165","172567","549764162","344253016140","107916306"
"437730","삼현","KOSDAQ","기술성장기업부","22550","450","2.04","22550","23850","22000","3367919","77121364750","715005635850","31707567"
"017480","삼현철강","KOSDAQ","우량기업부","4500","-80","-1.75","4580","4595","4500","22146","100075535","70663005000","15702890"
"010960","삼호개발","KOSPI",,"3405","5","0.15","3385","3410","3370","26481","89774583","85125000000","25000000"
"046390","삼화네트웍스","KOSDAQ","중견기업부","1410","-57","-3.89","1488","1488","1410","443475","634865766","60873835530","43172933"
"004450","삼화왕관","KOSPI",,"34600","0","0.00","34600","34600","34150","264","9116500","74541513400","2154379"
"009470","삼화전기","KOSPI",,"38850","-1750","-4.31","39800","40400","38650","117077","4604557075","256946907000","6613820"
"011230","삼화전자","KOSPI",,"3480","25","0.72","3460","3510","3415","74407","257056274","58821396000","16902700"
"001820","삼화콘덴서","KOSPI",,"31550","-1900","-5.68","32950","33150","31500","151294","4839499750","327962250000","10395000"
"000390","삼화페인트","KOSPI",,"5950","-40","-0.67","6030","6030","5900","49676","295458230","161860640550","27203469"
"027580","상보","KOSDAQ","중견기업부","903","-3","-0.33","915","915","900","263821","238734115","53440694937","59181279"
"038540","상상인","KOSDAQ","중견기업부","2005","31","1.57","1974","2005","1953","25175","49456025","110933267565","55328313"
"452670","상상인제4호스팩","KOSDAQ","SPAC(소속부없음)","2065","0","0.00","2065","2067","2065","2953","6097951","10779300000","5220000"
"001290","상상인증권","KOSPI",,"724","-21","-2.82","782","783","718","643955","479854219","78436074880","108337120"
"041650","상신브레이크","KOSPI",,"2655","-40","-1.48","2690","2695","2655","28420","75845747","57006699750","21471450"
"091580","상신이디피","KOSDAQ","우량기업부","11930","60","0.51","11900","12020","11350","170393","2019159020","159005652670","13328219"
"263810","상신전자","KOSDAQ","중견기업부","2980","-30","-1.00","3010","3040","2940","60915","181078530","47455978500","15924825"
"089980","상아프론테크","KOSDAQ","우량기업부","15960","-700","-4.20","16670","16750","15930","81894","1322202975","255185030520","15989037"
"042940","상지건설","KOSDAQ","중견기업부","9320","-360","-3.72","9610","9750","9290","99066","933203950","63643595840","6828712"
"042600","새로닉스","KOSDAQ","중견기업부","8230","-300","-3.52","8440","8500","8120","22434","183631180","102246014020","12423574"
"075180","새론오토모티브","KOSPI",,"3150","-20","-0.63","3175","3175","3070","9900","30854785","60480000000","19200000"
"107600","새빗켐","KOSDAQ","벤처기업부","24850","-2100","-7.79","26550","26700","24750","88849","2247545225","139906841900","5630054"
"411080","샌즈랩","KOSDAQ","기술성장기업부","8840","-270","-2.96","9110","9120","8700","328466","2909338210","134965919920","15267638"
"252990","샘씨엔에스","KOSDAQ","기술성장기업부","6600","-350","-5.04","6800","6940","6500","1328135","8895839380","385361215800","58388063"
"007540","샘표","KOSPI",,"47700","-50","-0.10","47950","47950","47050","3286","155512800","137175660000","2875800"
"248170","샘표식품","KOSPI",,"26200","-200","-0.76","26400","26400","26150","3032","79544500","119689093200","4568286"
"378800","샤페론","KOSDAQ","기술성장기업부","2675","-280","-9.48","2940","2945","2645","4645922","12897696035","80632607925","30143031"
"294630","서남","KOSDAQ","기술성장기업부","2755","-75","-2.65","2830","2830","2755","224158","623434596","66516992745","24144099"
"038070","서린바이오","KOSDAQ","우량기업부","6520","-130","-1.95","6680","6680","6500","30413","198626695","59336407520","9100676"
"006730","서부T&D","KOSDAQ","우량기업부","10030","-490","-4.66","10510","10510","10030","517661","5258209715","656232037690","65426923"
"079650","서산","KOSDAQ","중견기업부","1526","-29","-1.86","1537","1550","1524","12983","19853295","30520000000","20000000"
"100660","서암기계공업","KOSDAQ","중견기업부","3765","-70","-1.83","3835","3880","3705","236258","889788930","47439000000","12600000"
"007860","서연","KOSPI",,"8900","-90","-1.00","8990","9090","8800","48573","431370900","208970611600","23479844"
"200880","서연이화","KOSPI",,"10860","-280","-2.51","11130","11130","10810","83105","906940525","293528825820","27028437"
"019770","서연탑메탈","KOSDAQ","우량기업부","3745","5","0.13","3770","3770","3650","25742","94538765","43629250000","11650000"
"017390","서울가스","KOSPI",,"61500","-100","-0.16","61600","62100","61100","6006","369243450","307500000000","5000000"
"043710","서울리거","KOSDAQ","중견기업부","909","2","0.22","906","919","827","148112","130042947","78685321590","86562510"
"092190","서울바이오시스","KOSDAQ","중견기업부","2550","-70","-2.67","2620","2620","2540","27139","69679692","116964376650","45868383"
"046890","서울반도체","KOSDAQ GLOBAL","중견기업부","6250","-150","-2.34","6390","6390","6190","159697","998815950","364408750000","58305400"
"031210","서울보증보험","KOSPI",,"52000","-2100","-3.88","54200","54400","51500","75222","3954467350","3630723096000","69821598"
"004410","서울식품","KOSPI",,"155","-4","-2.52","159","159","154","3594265","567609576","58087111645","374755559"
"004415","서울식품우","KOSPI",,"1082","-135","-11.09","1215","1224","1082","9741","11139880","2406909000","2224500"
"063170","서울옥션","KOSDAQ","중견기업부","7610","-280","-3.55","7880","7880","7570","141408","1082578655","135262171870","17774267"
"027040","서울전자통신","KOSDAQ","관리종목(소속부없음)","221","2","0.91","218","229","217","378334","83567223","15379135187","69588847"
"018680","서울제약","KOSDAQ","벤처기업부","3065","-40","-1.29","3110","3175","3055","9299","28670887","35735812735","11659319"
"036120","서울평가정보","KOSDAQ","중견기업부","2295","-5","-0.22","2300","2300","2255","54274","123622009","81472500000","35500000"
"021050","서원","KOSPI",,"1130","-13","-1.14","1143","1144","1121","131289","147948901","53646286700","47474590"
"093920","서원인텍","KOSDAQ","우량기업부","5500","-50","-0.90","5610","5610","5480","12363","67976955","102300000000","18600000"
"189860","서전기전","KOSDAQ","투자주의환기종목(소속부없음)","3005","-40","-1.31","3045","3050","2970","26747","80016007","29144833900","9698780"
"178320","서진시스템","KOSDAQ","벤처기업부","21550","-550","-2.49","21950","22100","21300","213904","4623016625","1212143408700","56247954"
"122690","서진오토모티브","KOSDAQ","우량기업부","1831","-31","-1.66","1862","1862","1820","29938","54663185","40944743267","22361957"
"140070","서플러스글로벌","KOSDAQ","우량기업부","2445","-75","-2.98","2480","2535","2430","135467","332525775","90435660000","36988000"
"011370","서한","KOSDAQ","우량기업부","927","-9","-0.96","936","937","916","87075","80374114","93529539855","100894865"
"065710","서호전기","KOSDAQ","중견기업부","40900","-450","-1.09","41550","41650","40500","16073","659504875","210635000000","5150000"
"008490","서흥","KOSPI",,"24800","-550","-2.17","25200","25350","24500","32921","818810450","286914002400","11569113"
"035890","서희건설","KOSDAQ","관리종목(소속부없음)","1623","0","0.00","0","0","0","0","0","372979125711","229808457"
"357550","석경에이티","KOSDAQ","기술성장기업부","52300","0","0.00","52300","52800","50900","8980","462515900","285296500000","5455000"
"003100","선광","KOSDAQ","우량기업부","18530","-450","-2.37","18920","18920","18460","10240","190623255","122298000000","6600000"
"007610","선도전기","KOSPI",,"3000","0","0.00","0","0","0","0","0","54000000000","18000000"
"067370","선바이오","KOSDAQ","기술성장기업부","6490","250","4.01","6240","6500","6160","10494","66075450","79914971950","12313555"
"217620","선샤인푸드","KOSDAQ","관리종목(소속부없음)","3810","0","0.00","0","0","0","0","0","26803681470","7035087"
"171090","선익시스템","KOSDAQ","중견기업부","43600","-2100","-4.60","45550","45650","43000","76696","3367732175","416750774400","9558504"
"136490","선진","KOSPI",,"11040","-480","-4.17","11410","11470","10950","145138","1612864925","262526828160","23779604"
"086710","선진뷰티사이언스","KOSDAQ","우량기업부","10770","-270","-2.45","11060","11130","10650","29387","318737835","131429325600","12203280"
"014620","성광벤드","KOSDAQ","우량기업부","31800","-1050","-3.20","32900","33050","31150","293419","9276476575","844524175200","26557364"
"037350","성도이엔지","KOSDAQ","우량기업부","5060","0","0.00","5010","5110","4995","73634","372280655","78278200000","15470000"
"014910","성문전자","KOSPI",,"1159","7","0.61","1155","1207","1139","39668","46276014","26032281615","22460985"
"014915","성문전자우","KOSPI",,"4030","-30","-0.74","4050","4060","3950","1599","6354635","2418000000","600000"
"004980","성신양회","KOSPI",,"9740","-110","-1.12","9850","9860","9570","80624","780047605","238786551020","24516073"
"004985","성신양회우","KOSPI",,"11270","10","0.09","11400","11590","11200","2653","30208910","8290719150","735645"
"011300","성안머티리얼스","KOSPI",,"407","-1","-0.25","408","411","400","280832","113377988","63336393725","155617675"
"458650","성우","KOSDAQ","벤처기업부","11440","-530","-4.43","11970","11970","11440","76062","879216205","172122464800","15045670"
"081580","성우전자","KOSDAQ","중견기업부","2480","-30","-1.20","2510","2510","2435","57463","141289348","38460194640","15508143"
"045300","성우테크론","KOSDAQ","중견기업부","3100","-140","-4.32","3215","3245","3085","31390","98479855","32076831500","10347365"
"015750","성우하이텍","KOSDAQ","우량기업부","5490","-150","-2.66","5630","5630","5470","287027","1585603125","439200000000","80000000"
"365340","성일하이텍","KOSDAQ","기술성장기업부","34900","-1050","-2.92","35200","35250","34600","21953","765243250","426594984800","12223352"
"000180","성창기업지주","KOSPI",,"1712","6","0.35","1710","1724","1690","70947","121346303","119414739200","69751600"
"080470","성창오토텍","KOSDAQ","중견기업부","4420","-180","-3.91","4550","4590","4420","18856","84085774","32266000000","7300000"
"043260","성호전자","KOSDAQ","우량기업부","1039","-8","-0.76","1036","1049","1033","77717","80601648","73688813097","70922823"
"148150","세경하이테크","KOSDAQ","우량기업부","5970","-40","-0.67","6010","6050","5880","216802","1285418160","214086761130","35860429"
"002420","세기상사","KOSPI",,"5600","20","0.36","5580","5880","5500","1148","6399780","33431708800","5969948"
"188260","세니젠","KOSDAQ","기술성장기업부","2350","-45","-1.88","2395","2395","2350","18239","43210820","16986904500","7228470"
"053060","세동","KOSDAQ","중견기업부","1341","-6","-0.45","1347","1367","1335","28818","38855180","23678598879","17657419"
"340440","세림B&G","KOSDAQ","벤처기업부","1630","-50","-2.98","1700","1700","1610","117836","193052050","46256733320","28378364"
"017510","세명전기","KOSDAQ","중견기업부","8900","-530","-5.62","9400","9400","8800","678953","6114453405","135689400000","15246000"
"004360","세방","KOSPI",,"13700","-140","-1.01","13830","13830","13460","59627","810666510","261883761100","19115603"
"004365","세방우","KOSPI",,"8920","-170","-1.87","8980","9150","8920","12533","113201010","32908110000","3689250"
"004490","세방전지","KOSPI",,"63300","-300","-0.47","63400","63600","62600","75294","4752715250","886200000000","14000000"
"011560","세보엠이씨","KOSDAQ","우량기업부","12910","-70","-0.54","12960","12980","12730","28889","371296200","135942300000","10530000"
"267080","세븐브로이맥주","KONEX","일반기업부","486","0","0.00","0","0","0","0","0","5769504288","11871408"
"396300","세아메카닉스","KOSDAQ","우량기업부","2805","-125","-4.27","2925","2925","2795","317260","900785044","74303047500","26489500"
"001430","세아베스틸지주","KOSPI",,"24950","-350","-1.38","25050","25300","24450","49260","1221386800","894759869050","35862119"
"306200","세아제강","KOSPI",,"125000","-1600","-1.26","126300","126600","124700","5609","702660950","354537500000","2836300"
"003030","세아제강지주","KOSPI",,"156000","-3000","-1.89","158200","159000","154200","8276","1289347950","646098492000","4141657"
"019440","세아특수강","KOSPI",,"15720","-80","-0.51","15800","15890","15720","12454","196106340","134720400000","8570000"
"058650","세아홀딩스","KOSPI",,"121000","-2000","-1.63","123000","124400","120000","1049","126808900","484000000000","4000000"
"013000","세우글로벌","KOSPI",,"1041","-18","-1.70","1059","1059","1037","62253","64983602","29881937271","28705031"
"100700","세운메디칼","KOSDAQ","우량기업부","2525","5","0.20","2515","2525","2495","39459","98924328","110595000000","43800000"
"024830","세원물산","KOSDAQ","우량기업부","10540","-160","-1.50","10580","10790","10400","9042","95480290","88009000000","8350000"
"091090","세원이앤씨","KOSPI",,"1270","0","0.00","0","0","0","0","0","66998498210","52754723"
"021820","세원정공","KOSPI",,"10850","-140","-1.27","11210","11210","10700","21013","226485950","108500000000","10000000"
"067830","세이브존I&C","KOSPI",,"2585","0","0.00","2580","2650","2580","32245","83779765","106090713575","41040895"
"258830","세종메디칼","KOSDAQ","관리종목(소속부없음)","412","0","0.00","0","0","0","0","0","22983976612","55786351"
"036630","세종텔레콤","KOSDAQ","중견기업부","5260","-10","-0.19","5270","5430","5240","11547","60826940","105200000000","20000000"
"039310","세중","KOSDAQ","중견기업부","1480","6","0.41","1474","1554","1470","21238","31551005","26820067160","18121667"
"075580","세진중공업","KOSPI",,"20100","-450","-2.19","20350","20800","19700","1617529","32452580270","1142674065600","56849456"
"067770","세진티에스","KOSDAQ","중견기업부","2245","-25","-1.10","2265","2270","2210","11160","25007253","18850351285","8396593"
"053450","세코닉스","KOSDAQ","우량기업부","5570","-150","-2.62","5670","5850","5510","113891","636830835","82395912710","14792803"
"222810","세토피아","KOSDAQ","관리종목(소속부없음)","5400","0","0.00","0","0","0","0","0","81712098000","15131870"
"252500","세화피앤씨","KOSDAQ","중견기업부","919","16","1.77","903","924","883","424034","380662581","38125992410","41486390"
"321370","센서뷰","KOSDAQ","기술성장기업부","1305","-53","-3.90","1365","1365","1278","511561","666323112","57318730695","43922399"
"347000","센코","KOSDAQ","기술성장기업부","2330","-60","-2.51","2365","2380","2315","235431","551671148","81299662470","34892559"
"331920","셀레믹스","KOSDAQ","기술성장기업부","3050","-15","-0.49","3040","3060","2940","10569","31628555","24900651400","8164148"
"352770","셀레스트라","KOSDAQ","관리종목(소속부없음)","5250","0","0.00","0","0","0","0","0","13610136750","2592407"
"471820","셀로맥스사이언스","KOSDAQ","벤처기업부","5950","70","1.19","6150","6150","5770","44726","263070930","70002957850","11765203"
"049180","셀루메드","KOSDAQ","투자주의환기종목(소속부없음)","687","-22","-3.10","709","709","682","278573","192133606","37755502281","54957063"
"299660","셀리드","KOSDAQ","기술성장기업부","3830","-100","-2.54","3930","3930","3780","372750","1425041065","112996401910","29502977"
"108860","셀바스AI","KOSDAQ","벤처기업부","13450","-520","-3.72","13740","13810","13430","237051","3222689985","362003925500","26914790"
"208370","셀바스헬스케어","KOSDAQ","벤처기업부","3855","-100","-2.53","3815","3955","3815","83642","324398110","99229874220","25740564"
"318160","셀바이오휴먼텍","KOSDAQ","벤처기업부","9270","-360","-3.74","9630","9630","9240","60558","565749170","85848552270","9260901"
"308430","셀비온","KOSDAQ","기술성장기업부","17900","-700","-3.76","18600","18600","17740","316212","5727501520","229456967500","12818825"
"068270","셀트리온","KOSPI",,"178000","100","0.06","180700","181500","176000","887114","158652623350","41107169412000","230939154"
"068760","셀트리온제약","KOSDAQ","우량기업부","54700","-1200","-2.15","58000","58100","54300","375092","20962565050","2389251802400","43679192"
"068940","셀피글로벌","KOSDAQ","관리종목(소속부없음)","778","0","0.00","0","0","0","0","0","35720093048","45912716"
"007720","소노스퀘어","KOSDAQ","중견기업부","913","-37","-3.89","953","962","900","268066","245474778","92030810850","100800450"
"060230","소니드","KOSDAQ","중견기업부","357","-5","-1.38","363","384","354","1012037","369919139","26332060461","73759273"
"290690","소룩스","KOSDAQ","중견기업부","4935","-75","-1.50","5020","5090","4850","430159","2129976177","240533464395","48740317"
"950200","소마젠","KOSDAQ","외국기업(소속부없음)","3720","-25","-0.67","3745","3765","3670","12208","45140170","71558117160","19236053"
"032680","소프트센","KOSDAQ","중견기업부","282","3","1.08","281","284","279","722829","203048947","29776595448","105590764"
"032685","소프트센우","KOSDAQ","중견기업부","6090","0","0.00","6060","6090","5930","162","983590","2174994780","357142"
"258790","소프트캠프","KOSDAQ","벤처기업부","1361","-229","-14.40","1580","1580","1356","2692410","3921437210","34013137524","24991284"
"066910","손오공","KOSDAQ","중견기업부","923","-19","-2.02","942","965","910","773736","717453528","61779310372","66933164"
"215090","솔디펜스","KOSDAQ","중견기업부","3585","-110","-2.98","3735","3950","3535","541508","2021045778","83013044685","23155661"
"336370","솔루스첨단소재","KOSPI",,"7760","-130","-1.65","7980","7980","7670","101436","787205750","544886589440","70217344"
"33637K","솔루스첨단소재1우","KOSPI",,"1806","-12","-0.66","1806","1814","1793","15391","27631001","30537231396","16908766"
"33637L","솔루스첨단소재2우B","KOSPI",,"3570","-140","-3.77","3710","3725","3570","9297","33854169","13488516720","3778296"
"248070","솔루엠","KOSPI",,"17360","-300","-1.70","17660","17660","17100","220602","3806417510","830089856960","47816236"
"035610","솔본","KOSDAQ","벤처기업부","4080","-40","-0.97","4120","4120","4050","25484","103446012","111571667760","27345997"
"357780","솔브레인","KOSDAQ GLOBAL","우량기업부","286500","-6500","-2.22","285000","291500","282000","53253","15255461500","2228559159000","7778566"
"036830","솔브레인홀딩스","KOSDAQ GLOBAL","우량기업부","41950","-1800","-4.11","43150","43150","41300","60100","2519526050","879442149200","20964056"
"304100","솔트룩스","KOSDAQ","기술성장기업부","31400","-1750","-5.28","32600","33000","31350","289488","9204980275","385084042200","12263823"
"328380","솔트웨어","KOSDAQ","벤처기업부","978","-2","-0.20","991","999","977","59661","58510454","33508996884","34262778"
"004430","송원산업","KOSPI",,"9920","-110","-1.10","10040","10090","9870","33051","327571300","238080000000","24000000"
"086980","쇼박스","KOSDAQ","중견기업부","2695","-15","-0.55","2710","2717","2650","521446","1394899725","168809410000","62638000"
"017550","수산세보틱스","KOSPI",,"1809","-9","-0.50","1815","1815","1796","102990","185597179","112880026170","62399130"
"050960","수산아이앤티","KOSDAQ","벤처기업부","10140","-240","-2.31","10390","10400","10080","15128","153781410","68455140000","6751000"
"126720","수산인더스트리","KOSPI",,"21100","-450","-2.09","21350","21550","20950","35839","759645500","301434600000","14286000"
"084180","수성웹툰","KOSDAQ","중견기업부","3565","-80","-2.19","3645","3650","3450","113654","400668702","64434818895","18074283"
"253840","수젠텍","KOSDAQ","벤처기업부","6640","-300","-4.32","6880","6920","6570","331166","2218248495","111174848000","16743200"
"185190","수프로","KONEX","일반기업부","1000","6","0.60","1000","1000","1000","1","1000","9238625000","9238625"
"298830","슈어소프트테크","KOSDAQ","벤처기업부","4650","-120","-2.52","4720","4730","4600","152510","710750200","244678633650","52619061"
"236200","슈프리마","KOSDAQ","우량기업부","33700","-1300","-3.71","34900","34900","33250","26451","894838425","244570100100","7257273"
"094840","슈프리마에이치큐","KOSDAQ","벤처기업부","6590","-130","-1.93","6670","6750","6500","34747","227800480","69009425600","10471840"
"192440","슈피겐코리아","KOSDAQ","우량기업부","23650","-250","-1.05","24100","24100","23200","3110","72880425","147016984950","6216363"
"424960","스마트레이더시스템","KOSDAQ","기술성장기업부","8400","-370","-4.22","8890","8890","8260","219764","1857140785","131689656000","15677340"
"099440","스맥","KOSDAQ","우량기업부","4190","-150","-3.46","4280","4425","4060","2518059","10674004643","285939820860","68243394"
"053210","스카이라이프","KOSPI",,"5010","-20","-0.40","5010","5050","4985","24104","120512140","238090004550","47522955"
"276040","스코넥","KOSDAQ","기술성장기업부","1704","-4","-0.23","1719","1722","1667","188706","318507864","36858090840","21630335"
"204210","스타에스엠리츠","KOSPI",,"2035","0","0.00","0","0","0","0","0","15927568525","7826815"
"060240","스타코링크","KOSDAQ","관리종목(소속부없음)","1976","0","0.00","0","0","0","0","0","11502414560","5821060"
"115570","스타플렉스","KOSDAQ","중견기업부","2900","-30","-1.02","2900","2915","2835","11210","32102110","23155073200","7984508"
"330730","스톤브릿지벤처스","KOSDAQ","중견기업부","4470","50","1.13","4420","4480","4380","115065","509741065","81134210100","18150830"
"352090","스톰테크","KOSDAQ","중견기업부","3675","-25","-0.68","3700","3700","3635","40944","149799280","98758267650","26872998"
"253450","스튜디오드래곤","KOSDAQ GLOBAL","우량기업부","44850","-900","-1.97","45750","45950","44750","68990","3119146150","1348123635300","30058498"
"408900","스튜디오미르","KOSDAQ","중견기업부","4185","-25","-0.59","4200","4355","4130","458801","1946173082","136973091420","32729532"
"204630","스튜디오산타클로스","KOSDAQ","관리종목(소속부없음)","4650","0","0.00","0","0","0","0","0","23668225650","5089941"
"415380","스튜디오삼익","KOSDAQ","중견기업부","3045","-555","-15.42","3085","3285","3010","1070619","3380151613","11614619625","3814325"
"026890","스틱인베스트먼트","KOSPI",,"10250","-250","-2.38","10400","10590","10195","54087","558211490","427201293750","41678175"
"013810","스페코","KOSDAQ","중견기업부","2740","-30","-1.08","2780","2780","2695","145161","396991494","40155987800","14655470"
"347700","스피어","KOSDAQ","기술성장기업부","9790","-250","-2.49","9900","9940","9520","223799","2168079565","384046222010","39228419"
"049830","승일","KOSDAQ","중견기업부","8640","-10","-0.12","8650","8870","8630","1398","12195185","52981447680","6132112"
"020710","시공테크","KOSDAQ","우량기업부","3800","-45","-1.17","3850","3850","3780","143756","546325370","76182286000","20047970"
"033170","시그네틱스","KOSDAQ","중견기업부","688","-19","-2.69","712","712","685","255128","176259399","58981083472","85728319"
"048870","시너지이노베이션","KOSDAQ","벤처기업부","2600","-110","-4.06","2700","2700","2575","641754","1677037553","229078103800","88106963"
"025320","시노펙스","KOSDAQ","우량기업부","6950","-220","-3.07","7130","7130","6880","494212","3447398995","609711309700","87728246"
"134790","시디즈","KOSPI",,"23400","-600","-2.50","23950","24000","23300","5412","127509200","46800000000","2000000"
"340810","시선AI","KOSDAQ","기술성장기업부","3455","-230","-6.24","3685","3685","3360","121358","427261915","44763263310","12956082"
"269620","시스웍","KOSDAQ","관리종목(소속부없음)","889","0","0.00","0","0","0","0","0","132090012299","148582691"
"056090","시지메드텍","KOSDAQ","벤처기업부","1031","-15","-1.43","1046","1066","1017","424515","438894712","106460066116","103259036"
"429270","시지트로닉스","KOSDAQ","기술성장기업부","6350","-260","-3.93","6610","6640","6350","35000","224855470","29579252500","4658150"
"418250","시큐레터","KOSDAQ","관리종목(소속부없음)","6550","0","0.00","0","0","0","0","0","45439033350","6937257"
"131090","시큐브","KOSDAQ","벤처기업부","4125","-40","-0.96","4155","4170","4125","4896","20294470","33000000000","8000000"
"462870","시프트업","KOSPI",,"39800","-750","-1.85","40350","40550","39700","89666","3581457825","2339512456000","58781720"
"016590","신대양제지","KOSPI",,"10820","-50","-0.46","10860","10940","10550","48583","519941720","436022412400","40297820"
"290520","신도기연","KOSDAQ","투자주의환기종목(소속부없음)","1572","1","0.06","1569","1598","1560","12040","18893959","25040957064","15929362"
"029530","신도리코","KOSPI",,"41650","-200","-0.48","42000","42150","41300","5992","248729150","419833207850","10080029"
"004970","신라교역","KOSPI",,"9160","-120","-1.29","9280","9280","9120","10712","98333080","146560000000","16000000"
"001000","신라섬유","KOSDAQ","중견기업부","2020","0","0.00","2020","2140","2005","177847","369813402","49040630800","24277540"
"025870","신라에스지","KOSDAQ","중견기업부","5250","20","0.38","5230","5270","5210","2824","14771360","21000000000","4000000"
"215600","신라젠","KOSDAQ","중견기업부","3100","-75","-2.36","3175","3175","3085","628283","1952633172","428202491600","138129836"
"065350","신성델타테크","KOSDAQ","우량기업부","56900","-1800","-3.07","58700","58700","56300","117612","6733448900","1563836641200","27483948"
"416180","신성에스티","KOSDAQ","벤처기업부","33850","-1400","-3.97","35450","35500","33650","78733","2692779275","305996485300","9039778"
"011930","신성이엔지","KOSPI",,"1744","-49","-2.73","1795","1799","1710","3057340","5370784875","358999175344","205848151"
"005390","신성통상","KOSPI",,"4105","-10","-0.24","4100","4105","4100","435680","1786365510","589922940950","143708390"
"004170","신세계","KOSPI",,"186700","-6200","-3.21","192000","192900","183000","39063","7302654450","1800755292700","9645181"
"035510","신세계 I&C","KOSPI",,"14310","-530","-3.57","14780","14780","14200","94739","1362612340","200066679000","13980900"
"031430","신세계인터내셔날","KOSPI",,"10130","-70","-0.69","10250","10250","10050","53866","544713660","358024590000","35343000"
"031440","신세계푸드","KOSPI",,"41600","0","0.00","41600","43000","41250","9307","389066550","161095168000","3872480"
"006880","신송홀딩스","KOSPI",,"6710","-130","-1.90","6840","6850","6680","43735","294390650","79371637180","11828858"
"162300","신스틸","KOSDAQ","우량기업부","2060","-25","-1.20","2095","2100","2040","30069","61977640","85431046920","41471382"
"290560","신시웨이","KOSDAQ","벤처기업부","7070","-370","-4.97","7440","7440","6750","20280","142800430","26350752540","3727122"
"002800","신신제약","KOSDAQ","중견기업부","5620","-70","-1.23","5690","5690","5570","84620","474751090","85258210000","15170500"
"472220","신영스팩10호","KOSDAQ","SPAC(소속부없음)","2165","0","0.00","2165","2185","2160","13080","28339860","10153850000","4690000"
"005800","신영와코루","KOSPI",,"14120","-60","-0.42","14180","14180","13950","8664","121562390","127080000000","9000000"
"001720","신영증권","KOSPI",,"131600","400","0.30","136200","136200","130300","29212","3867005050","2163504000000","16440000"
"009270","신원","KOSPI",,"1674","-14","-0.83","1679","1705","1660","730092","1223860998","185187642768","110625832"
"017000","신원종합개발","KOSDAQ","우량기업부","2665","-10","-0.37","2675","2675","2605","44191","116715645","31095291955","11668027"
"002700","신일전자","KOSPI",,"1281","-15","-1.16","1300","1300","1273","505985","648298413","91011874401","71047521"
"012790","신일제약","KOSDAQ","우량기업부","6120","-70","-1.13","6200","6200","6070","24777","151253410","73356859800","11986415"
"138070","신진에스엠","KOSDAQ","중견기업부","2175","10","0.46","2175","2175","2125","35945","76944320","38069468700","17503204"
"226330","신테카바이오","KOSDAQ","기술성장기업부","4170","-110","-2.57","4280","4280","4140","70379","294116387","63627840750","15258475"
"002870","신풍","KOSPI",,"1077","2","0.19","1076","1083","1064","63589","68377053","37650519900","34958700"
"019170","신풍제약","KOSPI",,"13110","-160","-1.21","13270","13410","13060","205647","2712350600","694633218900","52984990"
"019175","신풍제약우","KOSPI",,"25400","-350","-1.36","26300","26300","25350","4928","126534050","55880000000","2200000"
"481850","신한글로벌액티브리츠","KOSPI",,"1438","-7","-0.48","1453","1453","1435","55196","79371243","62520880832","43477664"
"404990","신한서부티엔디리츠","KOSPI",,"3455","-5","-0.14","3465","3465","3400","56853","195920063","199025475390","57605058"
"293940","신한알파리츠","KOSPI",,"5590","-20","-0.36","5620","5630","5540","298427","1668924990","676055287570","120940123"
"452980","신한제11호스팩","KOSDAQ","SPAC(소속부없음)","2070","5","0.24","2062","2070","2060","44793","92438985","39133350000","18905000"
"474660","신한제12호스팩","KOSDAQ","SPAC(소속부없음)","2085","0","0.00","2100","2100","2080","36816","76921620","11509200000","5520000"
"474930","신한제13호스팩","KOSDAQ","SPAC(소속부없음)","2170","-5","-0.23","2155","2170","2150","21288","45908520","7855400000","3620000"
"487360","신한제14호스팩","KOSDAQ","SPAC(소속부없음)","2040","5","0.25","2035","2045","2035","15901","32402695","11505600000","5640000"
"487830","신한제15호스팩","KOSDAQ","SPAC(소속부없음)","2040","10","0.49","2030","2040","2030","8872","18010200","8874000000","4350000"
"496070","신한제16호스팩","KOSDAQ","SPAC(소속부없음)","2005","-5","-0.25","2005","2005","2000","3746","7507180","11268100000","5620000"
"055550","신한지주","KOSPI",,"69200","-600","-0.86","69200","69900","68800","1613570","111783311450","33596249432800","485494934"
"056700","신화인터텍","KOSDAQ","중견기업부","1987","-23","-1.14","1973","1997","1958","47893","94261072","57891425817","29135091"
"187270","신화콘텍","KOSDAQ","벤처기업부","3395","-45","-1.31","3445","3445","3305","72647","245817490","34438353775","10143845"
"004080","신흥","KOSPI",,"13900","170","1.24","13850","13900","13680","2977","41084190","132050000000","9500000"
"243840","신흥에스이씨","KOSDAQ","우량기업부","4940","-230","-4.45","5170","5170","4885","754583","3757420102","190477680900","38558235"
"257720","실리콘투","KOSDAQ","우량기업부","44550","-200","-0.45","45000","45950","44350","586111","26387449200","2725208501400","61171908"
"222800","심텍","KOSDAQ GLOBAL","우량기업부","40600","-950","-2.29","40450","41350","39300","886881","35831982125","1341252911600","33035786"
"036710","심텍홀딩스","KOSDAQ","중견기업부","2705","-45","-1.64","2750","2790","2500","824511","2215495120","142899074570","52827754"
"444530","심플랫폼","KOSDAQ","기술성장기업부","10540","-710","-6.31","11150","11160","10500","165087","1780874380","67349788420","6389923"
"234030","싸이닉솔루션","KOSDAQ","중견기업부","8960","-660","-6.86","9500","9730","8920","913217","8399386015","211500800000","23605000"
"160980","싸이맥스","KOSDAQ","우량기업부","16540","-390","-2.30","16900","16900","16290","97577","1614449020","180686979220","10924243"
"356890","싸이버원","KOSDAQ","벤처기업부","4100","-295","-6.71","4390","4390","4040","615004","2572307184","49010682500","11953825"
"217330","싸이토젠","KOSDAQ","기술성장기업부","2320","-60","-2.52","2400","2400","2260","72855","168455110","53660549040","23129547"
"102280","쌍방울","KOSPI",,"2690","0","0.00","0","0","0","0","0","70637274900","26259210"
"004770","써니전자","KOSPI",,"1577","-27","-1.68","1600","1601","1574","326304","516501409","55995229726","35507438"
"217320","썬테크","KONEX","일반기업부","700","0","0.00","0","0","0","0","0","735000000","1050000"
"208640","썸에이지","KOSDAQ","중견기업부","426","2","0.47","424","434","419","2125521","907641073","59316348204","139240254"
"222420","쎄노텍","KOSDAQ","벤처기업부","790","-23","-2.83","820","822","790","90330","72069019","35913582490","45460231"
"037760","쎄니트","KOSDAQ","우량기업부","1801","-3","-0.17","1805","1820","1756","17964","32343605","60933090721","33832921"
"081180","쎄크","KOSDAQ","기술성장기업부","8830","-360","-3.92","9120","9190","8660","47505","419863350","77929474050","8825535"
"099320","쎄트렉아이","KOSDAQ","우량기업부","69900","-1500","-2.10","70200","71800","68300","143302","9950576800","765494332200","10951278"
"049960","쎌바이오텍","KOSDAQ","벤처기업부","12400","-20","-0.16","12430","12470","12240","15255","188056120","116560000000","9400000"
"088280","쏘닉스","KOSDAQ","기술성장기업부","2255","-25","-1.10","2270","2335","2250","19728","44528620","39026134950","17306490"
"403550","쏘카","KOSPI",,"11940","-450","-3.63","12490","12490","11300","22631","266313545","392132309880","32841902"
"050890","쏠리드","KOSDAQ","우량기업부","6300","-240","-3.67","6510","6510","6280","388776","2466896210","384899955300","61095231"
"394800","쓰리빌리언","KOSDAQ","기술성장기업부","7740","-240","-3.01","8080","8120","7640","1063837","8300454415","245524711860","31721539"
"177900","쓰리에이로직스","KOSDAQ","기술성장기업부","6850","-360","-4.99","7080","7170","6800","201432","1397100805","65477780000","9558800"
"475400","씨메스","KOSDAQ","기술성장기업부","24850","-400","-1.58","25450","26150","24750","246115","6256327375","290367627900","11684814"
"109670","씨싸이트","KOSDAQ","중견기업부","8910","1120","14.38","8350","10090","7410","5490592","49590092325","52004123820","5836602"
"066790","씨씨에스","KOSDAQ","관리종목(소속부없음)","1493","0","0.00","0","0","0","0","0","97271994227","65152039"
"222080","씨아이에스","KOSDAQ GLOBAL","우량기업부","6640","-180","-2.64","6780","6840","6580","367496","2441583650","513749010960","77371839"
"004920","씨아이테크","KOSPI",,"1340","43","3.32","1298","1384","1281","492942","662145568","67088162620","50065793"
"236030","씨알푸드","KONEX","일반기업부","998","-2","-0.20","900","998","900","101","90998","2029265336","2033332"
"103660","씨앗","KONEX","일반기업부","1200","2","0.17","1200","1200","1200","1","1200","7220965200","6017471"
"352480","씨앤씨인터내셔널","KOSDAQ","우량기업부","41850","-1750","-4.01","43450","43500","41250","50060","2104280000","419083430850","10013941"
"245450","씨앤에스링크","KONEX","일반기업부","1490","-5","-0.33","0","0","0","0","0","2354140400","1579960"
"264660","씨앤지하이테크","KOSDAQ","우량기업부","15220","300","2.01","15300","15500","14830","1073377","16263096040","147956237840","9721172"
"352700","씨앤투스","KOSDAQ","우량기업부","2535","30","1.20","2530","2570","2490","15989","40231550","66611938965","26276899"
"458870","씨어스테크놀로지","KOSDAQ","기술성장기업부","61900","2000","3.34","59900","62900","59200","116565","7166291300","784017972000","12665880"
"297090","씨에스베어링","KOSDAQ","중견기업부","6660","-200","-2.92","6870","6870","6580","93841","626212080","181618200000","27270000"
"112610","씨에스윈드","KOSPI",,"42800","-850","-1.95","43550","43700","42450","136279","5843180125","1804936048400","42171403"
"900120","씨엑스아이","KOSDAQ","외국기업(소속부없음)","602","-13","-2.11","623","623","600","125467","76052644","18094785968","30057784"
"359090","씨엔알리서치","KOSDAQ","벤처기업부","969","-11","-1.12","980","995","967","155591","151259837","55689124773","57470717"
"115530","씨엔플러스","KOSDAQ","중견기업부","411","7","1.73","404","413","392","81376","32870754","27932793000","67963000"
"115480","씨유메디칼","KOSDAQ","중견기업부","620","6","0.98","614","629","604","114277","70100383","37587225960","60624558"
"376290","씨유테크","KOSDAQ","벤처기업부","3160","-5","-0.16","3160","3190","3100","9093","28522970","55797700000","17657500"
"189330","씨이랩","KOSDAQ","기술성장기업부","5130","-190","-3.57","5270","5320","5130","71889","372071900","48131116920","9382284"
"096530","씨젠","KOSDAQ","우량기업부","25000","-350","-1.38","25300","25350","24500","176857","4394793525","1305649850000","52225994"
"480370","씨케이솔루션","KOSPI",,"9510","-400","-4.04","9810","9910","9450","50765","486772620","103990528110","10934861"
"101240","씨큐브","KOSDAQ","우량기업부","4935","-15","-0.30","4950","5050","4870","104095","514938705","53600959650","10861390"
"060590","씨티씨바이오","KOSDAQ","중견기업부","6800","-180","-2.58","7020","7070","6730","68641","468102350","164430936000","24181020"
"308170","씨티알모빌리티","KOSPI",,"5000","-80","-1.57","5020","5080","4955","12739","63548560","43050000000","8610000"
"260930","씨티케이","KOSDAQ","중견기업부","5450","-50","-0.91","5470","5620","5410","148732","819114145","105411670950","19341591"
"413630","씨피시스템","KOSDAQ","벤처기업부","3130","15","0.48","3085","3560","3075","15089484","50206529258","114046639380","36436626"
"013990","아가방컴퍼니","KOSDAQ","우량기업부","4915","-95","-1.90","5010","5010","4850","176231","862137241","161642239440","32887536"
"123860","아나패스","KOSDAQ","벤처기업부","18870","-400","-2.08","19220","19220","18690","26973","508161770","228768841050","12123415"
"025980","아난티","KOSDAQ","우량기업부","9100","-100","-1.09","9180","9320","9030","877577","8037748440","855137273900","93971129"
"008700","아남전자","KOSPI",,"1295","-22","-1.67","1311","1314","1283","329385","426285303","99876641900","77124820"
"125210","아모그린텍","KOSDAQ","우량기업부","6850","-340","-4.73","7130","7130","6760","125275","862418435","113003011500","16496790"
"090430","아모레퍼시픽","KOSPI",,"122400","-3100","-2.47","125000","125700","122000","163997","20190029100","7159513701600","58492759"
"090435","아모레퍼시픽우","KOSPI",,"40400","-1400","-3.35","41650","41800","40400","28935","1183502750","426536332000","10557830"
"002790","아모레퍼시픽홀딩스","KOSPI",,"25900","-300","-1.15","26000","26250","25700","87023","2253598775","2057966862000","79458180"
"00279K","아모레퍼시픽홀딩스3우C","KOSPI",,"20950","-250","-1.18","21100","21200","20700","4351","90671900","148581590000","7092200"
"002795","아모레퍼시픽홀딩스우","KOSPI",,"10870","-120","-1.09","10840","10890","10770","8007","86593900","70043779900","6443770"
"357580","아모센스","KOSDAQ","기술성장기업부","8700","-400","-4.40","9150","9800","8580","659784","6048425430","97616296800","11220264"
"052710","아모텍","KOSDAQ","중견기업부","12650","-1100","-8.00","13830","13830","12500","197065","2534331580","184881128850","14615109"
"074430","아미노로직스","KOSDAQ","중견기업부","982","-28","-2.77","1015","1015","982","146897","145227812","86245960808","87826844"
"092040","아미코젠","KOSDAQ","기술성장기업부","3850","-85","-2.16","3930","3930","3795","164282","629319344","211820635950","55018347"
"083930","아바코","KOSDAQ","우량기업부","15260","-500","-3.17","15540","15750","15150","113055","1736643440","223974819740","14677249"
"149950","아바텍","KOSDAQ","우량기업부","9330","-250","-2.61","9430","9530","9090","69019","638887950","145617975000","15607500"
"036010","아비코전자","KOSDAQ","중견기업부","8720","-380","-4.18","9100","9100","8500","294320","2561862875","115914384480","13292934"
"002030","아세아","KOSPI",,"349000","-4000","-1.13","350500","351000","345500","1310","456154000","727364860000","2084140"
"183190","아세아시멘트","KOSPI",,"12100","-120","-0.98","12230","12540","12010","71088","859821845","451895917000","37346770"
"002310","아세아제지","KOSPI",,"8010","-180","-2.20","8180","8180","7970","122240","981906630","333476405100","41632510"
"050860","아세아텍","KOSDAQ","우량기업부","1959","-31","-1.56","1988","1988","1956","62930","123863508","44077500000","22500000"
"012170","아센디오","KOSPI",,"2005","-30","-1.47","2035","2040","1990","64415","129345759","21801854715","10873743"
"136410","아셈스","KOSDAQ","벤처기업부","10900","-340","-3.02","11180","11180","10670","79488","866941000","120108255400","11019106"
"246720","아스타","KOSDAQ","벤처기업부","7190","-160","-2.18","7360","7360","6980","42020","298980220","104555254400","14541760"
"450950","아스테라시스","KOSDAQ","벤처기업부","12360","-220","-1.75","12740","12770","12200","143327","1779195880","462351657120","37407092"
"067390","아스트","KOSDAQ","중견기업부","523","-11","-2.06","532","533","521","1052735","554023649","210851413817","403157579"
"159010","아스플로","KOSDAQ","벤처기업부","4005","-140","-3.38","4095","4125","3950","88535","355523267","53405629695","13334739"
"127710","아시아경제","KOSDAQ","중견기업부","1085","21","1.97","1053","1092","1052","12581","13370366","37870928970","34904082"
"267850","아시아나IDT","KOSPI",,"11640","-110","-0.94","11820","11820","11610","3554","41414760","129204000000","11100000"
"020560","아시아나항공","KOSPI",,"9270","-70","-0.75","9340","9350","9260","73912","686165215","1909533890970","205990711"
"154030","아시아종묘","KOSDAQ","벤처기업부","2285","225","10.92","2060","2665","2040","3353903","8061133134","27561366095","12061867"
"227610","아우딘퓨쳐스","KOSDAQ","중견기업부","835","-25","-2.91","860","860","832","94682","80166232","29815688185","35707411"
"331740","아우토크립트","KOSDAQ","기술성장기업부","13710","-510","-3.59","14240","14550","13660","131079","1813942665","132015399720","9629132"
"143160","아이디스","KOSDAQ","우량기업부","17700","-100","-0.56","17600","17790","17570","8858","156662240","189680103000","10716390"
"054800","아이디스홀딩스","KOSDAQ","중견기업부","11400","-280","-2.40","11570","11640","11400","7632","87687080","117964418400","10347756"
"332370","아이디피","KOSDAQ","중견기업부","4985","10","0.20","4995","4995","4895","10927","54199470","66169524110","13273726"
"066430","아이로보틱스","KOSDAQ","중견기업부","1440","-20","-1.37","1460","1495","1432","118735","172983097","56381005440","39153476"
"122900","아이마켓코리아","KOSPI",,"8240","-80","-0.96","8320","8330","8210","46788","386315855","275453641600","33428840"
"339950","아이비김영","KOSDAQ","중견기업부","1974","-13","-0.65","1987","1987","1953","66961","131803961","88724696970","44946655"
"469750","아이비젼웍스","KOSDAQ","벤처기업부","1685","-121","-6.70","1807","1808","1665","2308663","3977928585","57385170485","34056481"
"460470","아이빔테크놀로지","KOSDAQ","기술성장기업부","3395","170","5.27","3200","3995","3150","8857812","33128158474","51253873650","15096870"
"099190","아이센스","KOSDAQ","우량기업부","19030","-720","-3.65","19790","19790","18750","136270","2599294500","524979201780","27586926"
"461300","아이스크림미디어","KOSDAQ","중견기업부","25450","-850","-3.23","25650","26350","24700","131860","3332051425","337032644850","13242933"
"289010","아이스크림에듀","KOSDAQ","중견기업부","1784","11","0.62","1773","1811","1747","58123","103780223","24878336704","13945256"
"214430","아이쓰리시스템","KOSDAQ","우량기업부","80400","-1900","-2.31","83300","83300","78800","50289","4023385050","571383504000","7106760"
"040910","아이씨디","KOSDAQ","투자주의환기종목(소속부없음)","4280","-240","-5.31","4505","4505","4240","66641","286278340","79497897000","18574275"
"368600","아이씨에이치","KOSDAQ","기술성장기업부","2150","-35","-1.60","2245","2260","2125","22474","48953313","37707443900","17538346"
"456010","아이씨티케이","KOSDAQ","기술성장기업부","14940","-890","-5.62","15780","15780","14650","792697","11944291940","200504899440","13420676"
"052860","아이앤씨","KOSDAQ","벤처기업부","2695","-25","-0.92","2670","2760","2670","48929","132982415","48140391530","17862854"
"464500","아이언디바이스","KOSDAQ","기술성장기업부","4200","-60","-1.41","4255","4295","4175","854425","3611736770","58645704600","13963263"
"010780","아이에스동서","KOSPI",,"17850","-480","-2.62","18380","18390","17710","49430","884532605","538837521600","30186976"
"212710","아이에스티이","KOSDAQ","기술성장기업부","11630","-330","-2.76","11910","12070","11350","250649","2919808425","107990109140","9285478"
"038880","아이에이","KOSDAQ","투자주의환기종목(소속부없음)","180","-4","-2.17","185","185","179","1640415","296495777","67629811500","375721175"
"307180","아이엘","KOSDAQ","벤처기업부","2550","0","0.00","2550","2575","2500","88003","223124165","72579693750","28462625"
"101390","아이엠","KOSDAQ","관리종목(소속부없음)","396","0","0.00","0","0","0","0","0","5140810224","12981844"
"461030","아이엠비디엑스","KOSDAQ","기술성장기업부","9900","-350","-3.41","10250","10300","9870","158798","1592388280","138775725000","14017750"
"456570","아이엠지티","KONEX","일반기업부","11500","0","0.00","11490","11500","11490","35","402450","59403066000","5165484"
"451220","아이엠티","KOSDAQ","기술성장기업부","10400","-500","-4.59","10900","10910","10350","76518","805246275","81895954400","7874611"
"447690","아이오바이오","KONEX","일반기업부","3580","-85","-2.32","3600","3600","3220","666","2357890","9416316480","2630256"
"090150","아이윈","KOSDAQ","중견기업부","805","-16","-1.95","818","821","805","43303","35319022","33709610865","41875293"
"123010","아이윈플러스","KOSDAQ","기술성장기업부","1143","-44","-3.71","1229","1273","1125","3741271","4491158501","37328713506","32658542"
"031310","아이즈비전","KOSDAQ","중견기업부","1589","-18","-1.12","1610","1610","1565","108908","171748769","41878163327","26355043"
"462980","아이지넷","KOSDAQ","기술성장기업부","2250","-45","-1.96","2295","2310","2240","121592","274672046","41027483250","18234437"
"185490","아이진","KOSDAQ","벤처기업부","2410","-40","-1.63","2475","2475","2395","56216","135298955","65141779440","27029784"
"059100","아이컴포넌트","KOSDAQ","벤처기업부","5280","-110","-2.04","5390","5470","5280","5129","27491470","37334140800","7070860"
"149010","아이케이세미콘","KONEX","일반기업부","5590","0","0.00","5590","5590","5590","1016","5679440","17440800000","3120000"
"262840","아이퀘스트","KOSDAQ","벤처기업부","2130","-15","-0.70","2145","2145","2090","54574","115097157","45015217650","21133905"
"175250","아이큐어","KOSDAQ","관리종목(소속부없음)","2170","0","0.00","0","0","0","0","0","81501658560","37558368"
"052460","아이크래프트","KOSDAQ","중견기업부","2590","-40","-1.52","2630","2630","2520","68593","175032774","37834554240","14607936"
"119830","아이텍","KOSDAQ","중견기업부","6020","-170","-2.75","6150","6240","6010","177112","1071420375","133147602840","22117542"
"052770","아이톡시","KOSDAQ","관리종목(소속부없음)","544","125","29.83","423","544","423","3871950","2048740130","31701653856","58275099"
"124500","아이티센글로벌","KOSDAQ","중견기업부","16770","-840","-4.77","17510","17640","16360","845272","14334090615","389139917790","23204527"
"031820","아이티센씨티에스","KOSPI",,"603","-8","-1.31","610","610","601","182178","110315171","72994033998","121051466"
"010280","아이티센엔텍","KOSDAQ","중견기업부","1009","-33","-3.17","1042","1048","1000","454238","460481860","65709900074","65123786"
"243870","아이티센코어","KONEX","일반기업부","9980","0","0.00","0","0","0","0","0","28868457380","2892631"
"232830","아이티센피엔에스","KOSDAQ","벤처기업부","2365","-140","-5.59","2485","2505","2365","54364","131050273","27688171280","11707472"
"372800","아이티아이즈","KOSDAQ","벤처기업부","6290","10","0.16","6300","6300","6030","35117","216322775","38035567100","6046990"
"084850","아이티엠반도체","KOSDAQ GLOBAL","중견기업부","11750","-410","-3.37","12110","12110","11600","34116","399781920","266524474500","22682934"
"309710","아이티켐","KOSDAQ","기술성장기업부","29700","-1500","-4.81","30450","31750","28450","347098","10475971800","373715129700","12583001"
"114840","아이패밀리에스씨","KOSDAQ","우량기업부","22250","300","1.37","21950","22400","21750","65239","1435364950","385367775000","17319900"
"027360","아주IB투자","KOSDAQ","벤처기업부","2200","-60","-2.65","2250","2265","2185","292449","643965870","266519893200","121145406"
"139990","아주스틸","KOSPI",,"3690","-75","-1.99","3765","3770","3600","75463","277259179","143007477660","38755414"
"032080","아즈텍WB","KOSDAQ","중견기업부","1325","-24","-1.78","1354","1359","1323","26180","34849432","28475613425","21491029"
"013310","아진산업","KOSDAQ","우량기업부","3100","-95","-2.97","3160","3185","3090","204211","635952475","120300404200","38806582"
"059120","아진엑스텍","KOSDAQ","벤처기업부","7570","-230","-2.95","7800","7960","7410","109579","839142735","73796871720","9748596"
"009320","아진전자부품","KOSPI",,"1020","-5","-0.49","1020","1035","1001","75844","76794658","50285765400","49299770"
"203690","아크솔루션스","KOSDAQ","관리종목(소속부없음)","4425","0","0.00","0","0","0","0","0","76921522875","17383395"
"158430","아톤","KOSDAQ","벤처기업부","7870","-490","-5.86","8110","8180","7810","869670","6923858445","195573663230","24850529"
"200350","아티스트스튜디오","KOSDAQ","기술성장기업부","8210","-90","-1.08","8340","8390","8160","23108","190658670","82067365250","9996025"
"321820","아티스트컴퍼니","KOSDAQ","기술성장기업부","5510","-160","-2.82","5620","5670","5480","16111","89100200","85908481760","15591376"
"149300","아퓨어스","KONEX","일반기업부","147","4","2.80","149","149","135","375","52925","6686479044","45486252"
"102950","아하","KONEX","일반기업부","1820","-10","-0.55","1810","1870","1760","9464","17018962","23881863460","13121903"
"001540","안국약품","KOSDAQ","우량기업부","7880","-120","-1.50","7920","7930","7730","32978","257568835","102774269600","13042420"
"053800","안랩","KOSDAQ","우량기업부","59900","-1400","-2.28","60700","61400","59900","47226","2844998050","666477709400","11126506"
"251280","안지오랩","KONEX","일반기업부","4000","5","0.13","3995","4045","3900","524","2047290","13967480000","3491870"
"065660","안트로젠","KOSDAQ","기술성장기업부","24000","-200","-0.83","24000","24700","23550","30516","726389175","240146400000","10006100"
"297570","알로이스","KOSDAQ","벤처기업부","900","6","0.67","894","910","881","100405","89791162","31159096200","34621218"
"001780","알루코","KOSPI",,"2025","-60","-2.88","2065","2070","2015","456470","928439048","196081017300","96830132"
"260660","알리코제약","KOSDAQ","중견기업부","4100","-105","-2.50","4205","4205","4095","60280","247883520","62840786100","15327021"
"354320","알멕","KOSDAQ","기술성장기업부","21200","-750","-3.42","21750","21900","21050","17387","370554725","135497277200","6391381"
"361570","알비더블유","KOSDAQ","중견기업부","2205","-40","-1.78","2245","2270","2200","27897","62040150","63378956655","28743291"
"131370","알서포트","KOSDAQ","벤처기업부","2870","-90","-3.04","2935","2940","2865","162414","469678379","152876528210","53267083"
"140670","알에스오토메이션","KOSDAQ","벤처기업부","13450","-550","-3.93","13900","14930","13450","401855","5636347645","125127233000","9303140"
"096610","알에프세미","KOSDAQ","투자주의환기종목(소속부없음)","2965","0","0.00","0","0","0","0","0","51550708615","17386411"
"061040","알에프텍","KOSDAQ","중견기업부","2525","-120","-4.54","2640","2640","2490","156293","395674095","81025378975","32089259"
"148250","알엔투테크놀로지","KOSDAQ","벤처기업부","6840","0","0.00","6780","6950","6690","84998","577406240","64615236480","9446672"
"347860","알체라","KOSDAQ","벤처기업부","2945","-130","-4.23","3080","3080","2935","507790","1508121282","114003780145","38710961"
"196170","알테오젠","KOSDAQ GLOBAL","우량기업부","447000","-8000","-1.76","454000","458500","445000","355773","159807119500","23898840696000","53464968"
"123750","알톤","KOSDAQ","중견기업부","1762","92","5.51","1670","1950","1670","1967722","3543198086","22458975314","12746297"
"085810","알티캐스트","KOSDAQ","중견기업부","603","-6","-0.99","605","605","590","208785","124385264","30063402567","49856389"
"043100","알파녹스","KOSDAQ","벤처기업부","1501","-25","-1.64","1535","1535","1450","182313","270919729","30185230080","20110080"
"117670","알파칩스","KOSDAQ","관리종목(소속부없음)","6350","-210","-3.20","6560","6560","6350","10587","67990760","38985621800","6139468"
"314140","알피바이오","KOSDAQ","중견기업부","7280","20","0.28","7200","7370","7100","78255","567679755","63091108080","8666361"
"291650","압타머사이언스","KOSDAQ","기술성장기업부","1010","2","0.20","998","1096","959","1177451","1195050110","29573054520","29280252"
"293780","압타바이오","KOSDAQ","기술성장기업부","7770","-170","-2.14","7840","7940","7700","83974","653316140","208868167200","26881360"
"018250","애경산업","KOSPI",,"14710","-170","-1.14","14920","15050","14620","52528","772230715","388490143850","26409935"
"161000","애경케미칼","KOSPI",,"9880","-240","-2.37","10050","10190","9860","204930","2041091905","480649244920","48648709"
"390110","애니메디솔루션","KONEX","일반기업부","1708","-1","-0.06","0","0","0","0","0","15521103276","9087297"
"310200","애니플러스","KOSDAQ","중견기업부","3920","-40","-1.01","3960","4040","3865","473032","1855700938","202002841040","51531337"
"179530","애드바이오텍","KOSDAQ","기술성장기업부","4000","-25","-0.62","4025","4190","3990","277282","1126180134","50625232000","12656308"
"397810","애드포러스","KOSDAQ","벤처기업부","11000","60","0.55","10960","11970","10920","498956","5694547615","56586090000","5144190"
"900100","애머릿지","KOSDAQ","외국기업(소속부없음)","737","-15","-1.99","752","761","735","61427","45653300","33929484204","46037292"
"052790","액토즈소프트","KOSDAQ","중견기업부","6460","80","1.25","6380","6760","6360","130754","862716140","73195921480","11330638"
"290740","액트로","KOSDAQ","벤처기업부","5350","10","0.19","5290","5430","5250","14159","75330930","53847808850","10065011"
"238090","앤디포스","KOSDAQ","벤처기업부","1801","-25","-1.37","1825","1828","1790","31767","57182266","42397886703","23541303"
"092600","앤씨앤","KOSDAQ","관리종목(소속부없음)","543","2","0.37","546","548","531","21007","11293990","13620349731","25083517"
"129890","앱코","KOSDAQ","벤처기업부","999","-22","-2.15","1025","1032","989","470122","473405869","50592766590","50643410"
"174900","앱클론","KOSDAQ","관리종목(소속부없음)","15700","-60","-0.38","15770","15890","15450","117471","1840315480","299759299300","19092949"
"109960","앱토크롬","KOSDAQ","투자주의환기종목(소속부없음)","327","-6","-1.80","332","333","322","776410","253111780","72198090963","220789269"
"270520","앱튼","KOSDAQ","벤처기업부","927","-21","-2.22","948","974","890","912882","850807471","181777404510","196092130"
"255440","야스","KOSDAQ","벤처기업부","8300","-190","-2.24","8450","8590","8180","37450","311111375","108381400000","13058000"
"030960","양지사","KOSDAQ","중견기업부","8400","180","2.19","8250","8520","8180","232270","1943949300","134232000000","15980000"
"102120","어보브반도체","KOSDAQ","벤처기업부","11490","-500","-4.17","11880","11980","11420","251048","2910090575","204300851970","17780753"
"238120","얼라인드","KOSDAQ","기술성장기업부","3340","0","0.00","3305","3345","3250","31531","103827073","48025512640","14378896"
"224810","엄지하우스","KONEX","일반기업부","2490","-5","-0.20","0","0","0","0","0","10458000000","4200000"
"019990","에너토크","KOSDAQ","중견기업부","8260","-700","-7.81","8830","8940","8200","950952","8071103165","80585286880","9756088"
"011090","에넥스","KOSPI",,"580","-7","-1.19","587","587","576","96829","56264087","34795151780","59991641"
"435570","에르코스","KOSDAQ","벤처기업부","11230","-350","-3.02","11570","11570","11190","15189","171346860","85538719090","7616983"
"270660","에브리봇","KOSDAQ","벤처기업부","20400","2170","11.90","19210","21900","19050","4824138","100485612505","250760920800","12292202"
"038680","에스넷","KOSDAQ","우량기업부","3870","-95","-2.40","3965","3965","3850","65459","254659635","77061924540","19912642"
"137310","에스디바이오센서","KOSPI",,"10000","-360","-3.47","10360","10390","9980","154509","1553229205","1217491020000","121749102"
"217480","에스디생명공학","KOSDAQ","관리종목(소속부없음)","499","0","0.00","0","0","0","0","0","54756837359","109733141"
"121890","에스디시스템","KOSDAQ","중견기업부","1626","18","1.12","1607","1643","1583","137981","221166279","21611891196","13291446"
"304360","에스바이오메딕스","KOSDAQ","벤처기업부","23850","-1000","-4.02","24450","24700","23000","72715","1727841350","282856134600","11859796"
"389500","에스비비테크","KOSDAQ","기술성장기업부","23900","-1100","-4.40","25000","25800","23650","132248","3261045500","151380305600","6333904"
"042110","에스씨디","KOSDAQ","우량기업부","1344","2","0.15","1335","1347","1325","89581","119178385","64954934016","48329564"
"298060","에스씨엠생명과학","KOSDAQ","관리종목(소속부없음)","1130","9","0.80","1121","1189","1105","84604","96352527","44599210640","39468328"
"065420","에스아이리소스","KOSDAQ","중견기업부","270","0","0.00","268","272","267","181170","48604874","19325870730","71577299"
"270210","에스알바이오텍","KONEX","일반기업부","17990","-410","-2.23","18400","18400","17500","3109","54479680","29943509470","1664453"
"103230","에스앤더블류","KOSDAQ","중견기업부","4340","-175","-3.88","4540","4540","4280","70344","304668037","31248000000","7200000"
"260970","에스앤디","KOSDAQ","우량기업부","112000","1000","0.90","110500","113600","108900","19282","2151238650","323988448000","2892754"
"101490","에스앤에스텍","KOSDAQ","우량기업부","49400","-2000","-3.89","51000","51100","48700","202943","10041370600","1059701481800","21451447"
"095910","에스에너지","KOSDAQ","중견기업부","1700","-36","-2.07","1736","1736","1699","76634","131174865","38934795700","22902821"
"275630","에스에스알","KOSDAQ","벤처기업부","3320","-135","-3.91","3450","3470","3255","11175","37640145","19979723480","6017989"
"031330","에스에이엠티","KOSDAQ","우량기업부","3265","-70","-2.10","3305","3315","3240","489732","1600348056","326483893755","99995067"
"060540","에스에이티","KOSDAQ","중견기업부","1290","-27","-2.05","1297","1333","1288","49336","63934869","33711964740","26133306"
"056190","에스에프에이","KOSDAQ GLOBAL","우량기업부","24250","-650","-2.61","24550","24650","24100","60872","1478733900","870787430000","35908760"
"0008Z0","에스엔시스","KOSDAQ","벤처기업부","41000","-1600","-3.76","42250","42400","40500","165536","6777668925","386899124000","9436564"
"005850","에스엘","KOSPI",,"34550","-650","-1.85","34900","34950","34150","98452","3392627750","1604796366000","46448520"
"246250","에스엘에스바이오","KOSDAQ","관리종목(소속부없음)","1969","0","0.00","0","0","0","0","0","30220617614","15348206"
"041510","에스엠","KOSDAQ GLOBAL","우량기업부","131700","-200","-0.15","131800","135000","130400","138716","18410241800","3015230673000","22894690"
"010580","에스엠벡셀","KOSPI",,"2520","-125","-4.73","3180","3435","2415","32235034","92304190000","280354435200","111251760"
"460870","에스엠씨지","KOSDAQ","벤처기업부","5600","-140","-2.44","5750","5750","5530","216064","1208965575","111010502400","19823304"
"007820","에스엠코어","KOSDAQ","벤처기업부","4285","-85","-1.95","4370","4410","4265","278306","1200534613","85845458610","20033946"
"464080","에스오에스랩","KOSDAQ","기술성장기업부","10400","-660","-5.97","11000","11010","10360","406188","4293589600","183891032000","17681830"
"109610","에스와이","KOSDAQ","중견기업부","3360","-35","-1.03","3335","3370","3335","165549","555040105","164328864000","48907400"
"365330","에스와이스틸텍","KOSDAQ","중견기업부","3160","-60","-1.86","3220","3225","3100","982367","3100072243","144127600000","45610000"
"012750","에스원","KOSPI",,"85800","-400","-0.46","85400","86300","84200","41213","3527650150","3260329472400","37999178"
"306040","에스제이그룹","KOSDAQ","우량기업부","3935","-110","-2.72","4045","4045","3935","14366","56867360","38822033180","9865828"
"217910","에스제이켐","KONEX","일반기업부","361","46","14.60","361","361","361","1","361","5050578442","13990522"
"398120","에스지헬스케어","KOSDAQ","벤처기업부","3125","-30","-0.95","3155","3160","3060","64143","198480915","35342812500","11309700"
"457940","에스케이증권제10호스팩","KOSDAQ","SPAC(소속부없음)","2080","-10","-0.48","2070","2085","2070","24169","50031455","6884800000","3310000"
"472230","에스케이증권제11호스팩","KOSDAQ","SPAC(소속부없음)","2030","-5","-0.25","2040","2040","2030","11750","23855783","8434650000","4155000"
"473000","에스케이증권제12호스팩","KOSDAQ","SPAC(소속부없음)","2050","0","0.00","2040","2050","2040","69","140780","6785500000","3310000"
"473950","에스케이증권제13호스팩","KOSDAQ","SPAC(소속부없음)","2035","-15","-0.73","2040","2050","2035","586","1198305","8994700000","4420000"
"455910","에스케이증권제9호스팩","KOSDAQ","SPAC(소속부없음)","2085","5","0.24","2075","2085","2075","4927","10223577","10466700000","5020000"
"475660","에스켐","KOSDAQ","기술성장기업부","7620","-500","-6.16","8130","8130","7490","112904","864208095","60425342700","7929835"
"096630","에스코넥","KOSDAQ","중견기업부","627","-14","-2.18","641","646","625","203240","128550586","49772273232","79381616"
"069510","에스텍","KOSDAQ","우량기업부","14450","70","0.49","14390","14540","14130","15515","221334190","157649500000","10910000"
"488280","에스투더블유","KOSDAQ","기술성장기업부","31800","-2500","-7.29","34600","35450","31200","1694644","55677504075","336697000800","10587956"
"234300","에스트래픽","KOSDAQ","우량기업부","3875","-35","-0.90","3895","3900","3830","140653","543075980","106640833125","27520215"
"039440","에스티아이","KOSDAQ","우량기업부","22100","-1200","-5.15","22700","23050","21800","373116","8314685425","349843000000","15830000"
"098660","에스티오","KOSDAQ","중견기업부","1994","7","0.35","1997","2020","1972","27087","53797724","24926946144","12500976"
"052020","에스티큐브","KOSDAQ","투자주의환기종목(소속부없음)","7140","-110","-1.52","7250","7300","7100","126910","910515480","485400697740","67983291"
"237690","에스티팜","KOSDAQ GLOBAL","우량기업부","88900","-2100","-2.31","89800","89800","88000","123440","10937362450","1839989081000","20697290"
"050760","에스폴리텍","KOSDAQ","중견기업부","1612","-41","-2.48","1673","1673","1604","56480","92412985","26331500936","16334678"
"288620","에스퓨얼셀","KOSDAQ","벤처기업부","11450","-390","-3.29","11840","11930","11350","42622","490540150","79913168200","6979316"
"443670","에스피소프트","KOSDAQ","중견기업부","6080","-350","-5.44","6400","6450","6080","65812","408189090","150427663360","24741392"
"317830","에스피시스템스","KOSDAQ","벤처기업부","8800","-300","-3.30","9170","9440","8750","328009","2977940350","94809598400","10773818"
"058610","에스피지","KOSDAQ","우량기업부","26300","-900","-3.31","27500","27600","26000","244816","6545657050","583264568000","22177360"
"043340","에쎈테크","KOSDAQ","중견기업부","482","-1","-0.21","483","489","481","55268","26718971","45790000000","95000000"
"023960","에쓰씨엔지니어링","KOSPI",,"1230","-33","-2.61","1270","1288","1209","212159","260570888","46784249250","38035975"
"163280","에어레인","KOSDAQ","기술성장기업부","14750","-680","-4.41","15380","15460","14550","74914","1111330180","120578137750","8174789"
"298690","에어부산","KOSPI",,"1956","-10","-0.51","1969","1972","1955","98517","193027188","228147840000","116640000"
"054630","에이디칩스","KOSDAQ","관리종목(소속부없음)","1580","0","0.00","0","0","0","0","0","12594094680","7970946"
"200710","에이디테크놀로지","KOSDAQ","중견기업부","24650","-550","-2.18","24800","25150","24350","322925","7973801650","331316262300","13440822"
"475580","에이럭스","KOSDAQ","벤처기업부","11300","-540","-4.56","11910","11950","11195","318099","3632095660","153961370000","13624900"
"096690","에이루트","KOSDAQ","중견기업부","1590","0","0.00","1606","1650","1559","36096","58021427","38377914270","24137053"
"140910","에이리츠","KOSPI",,"3130","0","0.00","0","0","0","0","0","13969290160","4463032"
"078520","에이블씨엔씨","KOSPI",,"11040","-210","-1.87","11250","11420","10940","284737","3162096605","287196337440","26014161"
"298380","에이비엘바이오","KOSDAQ","기술성장기업부","92200","-1100","-1.18","93100","93800","90800","639637","58885581800","5031823759000","54575095"
"203400","에이비온","KOSDAQ","기술성장기업부","5310","-100","-1.85","5420","5490","5240","279556","1496318755","156412846800","29456280"
"195990","에이비프로바이오","KOSDAQ","투자주의환기종목(소속부없음)","193","-8","-3.98","201","202","193","1716587","336788402","54945116153","284689721"
"003800","에이스침대","KOSDAQ","우량기업부","27750","-350","-1.25","28100","28100","27450","30873","854860750","307747500000","11090000"
"088800","에이스테크","KOSDAQ","중견기업부","2095","35","1.70","2060","2215","2025","47200","97675524","158185979230","75506434"
"241840","에이스토리","KOSDAQ","중견기업부","9090","-200","-2.15","9290","9290","9070","20190","183906640","86718545460","9539994"
"364950","에이아이코리아","KOSDAQ","벤처기업부","11470","-230","-1.97","12350","13580","11020","12275500","153671105390","93264164330","8131139"
"453860","에이에스텍","KOSDAQ","벤처기업부","20300","-700","-3.33","21000","21000","19990","50690","1025676275","114841464500","5657215"
"312610","에이에프더블류","KOSDAQ","벤처기업부","1391","-38","-2.66","1413","1610","1390","606618","908002543","28177331208","20256888"
"015260","에이엔피","KOSPI",,"504","10","2.02","494","507","486","156303","77516763","22738914576","45116894"
"172670","에이엘티","KOSDAQ","벤처기업부","8710","-410","-4.50","9100","9190","8580","121986","1072486945","78043855890","8960259"
"495900","에이엠시지","KONEX","일반기업부","10520","-1850","-14.96","13410","13410","10520","1096","11538590","51709839680","4915384"
"234070","에이원알폼","KONEX","일반기업부","971","-4","-0.41","829","971","829","2","1800","6758842613","6960703"
"481070","에이유브랜즈","KOSDAQ","중견기업부","21900","-700","-3.10","22600","22600","21400","18582","406310175","310104000000","14160000"
"445090","에이직랜드","KOSDAQ","벤처기업부","29400","-1600","-5.16","30700","30800","29300","46758","1389798650","319626804000","10871660"
"295310","에이치브이엠","KOSDAQ","기술성장기업부","25400","750","3.04","24650","25850","24200","160928","4047339300","302309047400","11901931"
"072990","에이치시티","KOSDAQ","우량기업부","11970","-200","-1.64","12250","12280","11840","27153","324653130","88162832520","7365316"
"044990","에이치엔에스하이텍","KOSDAQ","기술성장기업부","14200","-100","-0.70","14300","14300","13830","14831","207679280","114112108800","8036064"
"239610","에이치엘사이언스","KOSDAQ","벤처기업부","11190","-30","-0.27","11220","11290","11020","3758","41679850","60337766850","5392115"
"036170","에이치엠넥스","KOSDAQ","중견기업부","870","-10","-1.14","880","899","861","36359","31762898","53388094620","61365626"
"462020","에이치엠씨제6호스팩","KOSDAQ","SPAC(소속부없음)","2070","0","0.00","2070","2070","2060","7055","14565365","8994150000","4345000"
"477340","에이치엠씨제7호스팩","KOSDAQ","SPAC(소속부없음)","2005","0","0.00","2010","2010","2005","3357","6730960","15057550000","7510000"
"148930","에이치와이티씨","KOSDAQ","중견기업부","3655","-35","-0.95","3690","3700","3610","17057","62053367","37190403515","10175213"
"376270","에이치이엠파마","KOSDAQ","기술성장기업부","27350","-750","-2.67","28100","28900","27250","92202","2596984375","193600721950","7078637"
"044780","에이치케이","KOSDAQ","벤처기업부","1307","0","0.00","1307","1336","1300","9063","11846428","24187063609","18505787"
"357230","에이치피오","KOSDAQ","우량기업부","2720","-25","-0.91","2750","2780","2650","68377","185058945","114483404640","42089487"
"355690","에이텀","KOSDAQ","기술성장기업부","6930","-130","-1.84","7060","7070","6700","49682","341776930","37456511400","5404980"
"071670","에이테크솔루션","KOSDAQ","중견기업부","5900","-130","-2.16","6030","6030","5900","13727","81287130","59000000000","10000000"
"045660","에이텍","KOSDAQ","벤처기업부","11970","-260","-2.13","12230","12330","11940","42886","518435990","98872200000","8260000"
"224110","에이텍모빌리티","KOSDAQ","벤처기업부","10780","-220","-2.00","11060","11180","10780","23183","252005350","57565200000","5340000"
"021080","에이티넘인베스트","KOSDAQ","우량기업부","2625","-55","-2.05","2650","2670","2545","114092","298788765","126000000000","48000000"
"200470","에이팩트","KOSDAQ","중견기업부","4570","15","0.33","4455","4715","4445","402141","1840457199","193594765010","42362093"
"207490","에이펙스인텍","KONEX","일반기업부","6610","0","0.00","0","0","0","0","0","23796000000","3600000"
"262260","에이프로","KOSDAQ","우량기업부","5560","-140","-2.46","5700","5840","5510","53639","299348280","80442925120","14468152"
"007460","에이프로젠","KOSPI",,"662","-1","-0.15","663","672","650","2084688","1374184431","216280449736","326707628"
"003060","에이프로젠바이오로직스","KOSPI",,"616","0","0.00","621","621","606","207254","126653238","122219232520","198407845"
"397030","에이프릴바이오","KOSDAQ","기술성장기업부","26150","-600","-2.24","26700","26750","25650","597441","15696083500","590112118350","22566429"
"244920","에이플러스에셋","KOSPI",,"7280","130","1.82","7140","7350","7040","127761","923973335","164584005040","22607693"
"278470","에이피알","KOSPI",,"225000","1500","0.67","223000","228500","218500","438850","98493120750","8421897375000","37430655"
"230240","에치에프알","KOSDAQ","우량기업부","14770","-410","-2.70","15190","15210","14620","104489","1550278575","196573930000","13309000"
"159910","에코글로우","KOSDAQ","중견기업부","650","-65","-9.09","701","703","641","490865","329236334","25927432700","39888358"
"230360","에코마케팅","KOSDAQ","우량기업부","13690","-100","-0.73","13790","13850","13490","79352","1081337775","424372997020","30998758"
"038870","에코바이오","KOSDAQ","중견기업부","3660","-100","-2.66","3760","3785","3635","63371","234066175","51294713340","14014949"
"097780","에코볼트","KOSDAQ","중견기업부","980","0","0.00","980","980","967","28594","27847459","66375731240","67730338"
"448280","에코아이","KOSDAQ","중견기업부","14050","-210","-1.47","14560","14570","14000","30411","431434040","416317362450","29631129"
"101360","에코앤드림","KOSDAQ","벤처기업부","19400","-650","-3.24","19910","19910","19200","135340","2643935640","345050611600","17786114"
"128540","에코캡","KOSDAQ","우량기업부","1813","-68","-3.62","1888","1997","1800","127399","236579144","48389803980","26690460"
"086520","에코프로","KOSDAQ GLOBAL","중견기업부","48100","-2000","-3.99","49500","49550","48050","472959","22925269175","6530832911200","135776152"
"450080","에코프로머티","KOSPI",,"48600","-2200","-4.33","50000","50000","48550","249672","12239493850","3398715806400","69932424"
"247540","에코프로비엠","KOSDAQ GLOBAL","우량기업부","115100","-5300","-4.40","118800","118900","115100","326714","37956910650","11256934694400","97801344"
"383310","에코프로에이치엔","KOSDAQ","우량기업부","23000","-1300","-5.35","24100","24100","23000","89544","2084680325","482423436000","20974932"
"038110","에코플라스틱","KOSDAQ","우량기업부","3200","-115","-3.47","3305","3305","3195","271562","879997795","131741984000","41169370"
"073540","에프알텍","KOSDAQ","벤처기업부","2500","-150","-5.66","2650","2650","2500","73330","188769325","28500000000","11400000"
"064850","에프앤가이드","KOSDAQ","벤처기업부","8610","0","0.00","8610","8710","8420","32682","282165570","98242958520","11410332"
"036810","에프에스티","KOSDAQ","우량기업부","29300","-1300","-4.25","30000","30400","28700","326311","9623647050","643320996400","21956348"
"173940","에프엔씨엔터","KOSDAQ","중견기업부","3115","15","0.48","3070","3150","2975","6563","19784510","47948596920","15392808"
"083500","에프엔에스테크","KOSDAQ","우량기업부","11590","-730","-5.93","12320","12320","11500","92757","1089770100","99392617980","8575722"
"446440","에피바이오텍","KONEX","일반기업부","16390","90","0.55","15900","16390","15900","6","95890","37809746810","2306879"
"054940","엑사이엔씨","KOSDAQ","중견기업부","746","-21","-2.74","762","777","738","1700072","1285350116","24747466808","33173548"
"950130","엑세스바이오","KOSDAQ","외국기업(소속부없음)","5260","0","0.00","0","0","0","0","0","198448396320","37727832"
"373110","엑셀세라퓨틱스","KOSDAQ","기술성장기업부","3005","-105","-3.38","3080","3100","2960","326972","983465637","32870078310","10938462"
"205100","엑셈","KOSDAQ","벤처기업부","2335","-105","-4.30","2435","2440","2335","1049257","2485170650","166864489180","71462308"
"356680","엑스게이트","KOSDAQ","벤처기업부","7800","-590","-7.03","8300","8300","7760","1121108","8881037685","222639237600","28543492"
"070300","엑스큐어","KOSDAQ","벤처기업부","1368","-77","-5.33","1412","1428","1271","658130","889313074","31884082704","23307078"
"317770","엑스페릭스","KOSDAQ","벤처기업부","3800","-120","-3.06","3900","3900","3750","332769","1262482472","126445687800","33275181"
"373200","엑스플러스","KOSDAQ","벤처기업부","608","-5","-0.82","613","614","599","126728","76827751","66883244288","110005336"
"069920","엑시온그룹","KOSDAQ","중견기업부","762","-29","-3.67","793","796","752","1235181","944309315","31092009444","40803162"
"092870","엑시콘","KOSDAQ","우량기업부","14110","-570","-3.88","14650","14710","13890","444183","6301328950","184146745670","13050797"
"019490","엑시큐어하이트론","KOSPI",,"755","46","6.49","707","798","687","4745632","3582878286","57706363850","76432270"
"317870","엔바이오니아","KOSDAQ","기술성장기업부","13700","160","1.18","13540","14260","13300","9710","130959950","117087310300","8546519"
"067570","엔브이에이치코리아","KOSDAQ","우량기업부","2260","-10","-0.44","2270","2270","2245","80162","180735512","95304200000","42170000"
"236810","엔비티","KOSDAQ","기술성장기업부","3685","65","1.80","3565","4160","3475","14725102","56945738162","62554444810","16975426"
"140610","엔솔바이오사이언스","KONEX","일반기업부","14130","80","0.57","14050","14480","13800","15671","221074520","188459284770","13337529"
"333620","엔시스","KOSDAQ","벤처기업부","6810","-220","-3.13","7050","7070","6800","40520","278384900","71888702640","10556344"
"101400","엔시트론","KOSDAQ","중견기업부","314","-12","-3.68","327","327","313","552633","175220632","21493529220","68450730"
"036570","엔씨소프트","KOSPI",,"219500","-4000","-1.79","221500","223000","216500","79182","17318729250","4728912829000","21544022"
"475230","엔알비","KOSDAQ","벤처기업부","12270","-80","-0.65","12350","12890","12130","156937","1956500815","127940995530","10427139"
"238170","엔에스엠","KONEX","일반기업부","704","25","3.68","729","729","612","916","564674","14625377536","20774684"
"078860","엔에스이엔엠","KOSDAQ","투자주의환기종목(소속부없음)","1292","-12","-0.92","1304","1310","1286","30689","39649369","76696036044","59362257"
"224760","엔에스컴퍼니","KONEX","일반기업부","3195","0","0.00","0","0","0","0","0","12587341500","3939700"
"451700","엔에이치스팩29호","KOSDAQ","SPAC(소속부없음)","2090","-5","-0.24","2095","2095","2090","31349","65670184","29991500000","14350000"
"466910","엔에이치스팩30호","KOSDAQ","SPAC(소속부없음)","2090","10","0.48","2080","2090","2080","18992","39632980","19019000000","9100000"
"481890","엔에이치스팩31호","KOSDAQ","SPAC(소속부없음)","2080","0","0.00","2070","2085","2070","27526","57059985","13197600000","6345000"
"265740","엔에프씨","KOSDAQ","중견기업부","6030","-50","-0.82","6130","6130","5890","132925","794647260","107717508000","17863600"
"354200","엔젠바이오","KOSDAQ","기술성장기업부","1718","-35","-2.00","1750","1750","1708","50945","87700987","43015503904","25038128"
"455900","엔젤로보틱스","KOSDAQ","기술성장기업부","24200","100","0.41","25100","25350","24050","207058","5125881400","367431770200","15183131"
"419080","엔젯","KOSDAQ","기술성장기업부","6970","80","1.16","6900","7230","6760","193339","1358165865","73749409690","10580977"
"093510","엔지브이아이","KONEX","일반기업부","1567","-276","-14.98","0","0","0","0","0","9433340000","6020000"
"208860","엔지스테크널러지","KOSDAQ","중견기업부","1712","-51","-2.89","1763","1769","1624","36362","62487404","58122353776","33949973"
"183490","엔지켐생명과학","KOSDAQ","기술성장기업부","1109","-26","-2.29","1135","1135","1100","292252","323772215","94337708258","85065562"
"085310","엔케이","KOSPI",,"1314","-26","-1.94","1340","1351","1312","1373851","1820436226","103648743108","78880322"
"182400","엔케이맥스","KOSDAQ","관리종목(소속부없음)","3685","0","0.00","0","0","0","0","0","263029901475","71378535"
"348370","엔켐","KOSDAQ","중견기업부","72300","-3900","-5.12","75100","75100","72000","111683","8133421600","1570718873700","21725019"
"069410","엔텔스","KOSDAQ","벤처기업부","4820","-60","-1.23","4900","4900","4775","35544","170949140","49380051680","10244824"
"227950","엔투텍","KOSDAQ","중견기업부","449","-7","-1.54","452","454","442","477356","213140016","77470930103","172541047"
"291230","엔피","KOSDAQ","중견기업부","1236","-34","-2.68","1274","1285","1233","108600","134787061","54502377900","44095775"
"048830","엔피케이","KOSDAQ","중견기업부","1080","-44","-3.91","1127","1135","1055","52138","56577272","20221836840","18723923"
"096870","엘디티","KOSDAQ","벤처기업부","3030","85","2.89","2970","3070","2945","15130","45307690","20235552000","6678400"
"276240","엘리비젼","KONEX","일반기업부","508","0","0.00","0","0","0","0","0","5797874104","11413138"
"900140","엘브이엠씨홀딩스","KOSPI",,"1691","-21","-1.23","1712","1717","1674","402362","677119201","326769570512","193240432"
"290650","엘앤씨바이오","KOSDAQ","우량기업부","50200","-10200","-16.89","59200","59200","49500","2443152","129495690450","1235866270000","24618850"
"066970","엘앤에프","KOSPI",,"72400","-4200","-5.48","74900","75300","72300","376287","27521309050","2629290997600","36316174"
"156100","엘앤케이바이오","KOSDAQ","벤처기업부","7730","-220","-2.77","7950","8020","7680","163178","1273721940","156019552660","20183642"
"0041J0","엘에스스팩1호","KOSDAQ","SPAC(소속부없음)","2005","0","0.00","2000","2005","2000","27002","54029205","8240550000","4110000"
"311060","엘에이티","KONEX","일반기업부","3565","65","1.86","3495","3565","3495","120","420850","27903732710","7827134"
"073110","엘엠에스","KOSDAQ","벤처기업부","5960","-120","-1.97","6080","6080","5960","14750","88279120","53018699800","8895755"
"083310","엘오티베큠","KOSDAQ","우량기업부","13360","-590","-4.23","13810","13870","13110","251335","3377661205","237942040880","17810033"
"037950","엘컴텍","KOSDAQ","중견기업부","855","-25","-2.84","877","884","854","415994","358591056","72202628745","84447519"
"489500","엘케이켐","KOSDAQ","벤처기업부","21050","-1100","-4.97","22000","22050","20700","74221","1573543850","132153078800","6278056"
"170920","엘티씨","KOSDAQ","벤처기업부","19340","-860","-4.26","19700","20050","19240","235813","4592712795","188299964640","9736296"
"058630","엠게임","KOSDAQ","우량기업부","5800","-50","-0.85","5850","5860","5710","74420","429090415","113354486600","19543877"
"226590","엠디바이스","KOSDAQ","기술성장기업부","21900","-1150","-4.99","22750","23400","21800","602556","13559419050","232814169600","10630784"
"058970","엠로","KOSDAQ","기술성장기업부","41000","-1100","-2.61","41600","41750","40900","49534","2044029875","506228558000","12347038"
"169330","엠브레인","KOSDAQ","중견기업부","2055","-10","-0.48","2065","2065","2015","6957","14137503","37579616490","18286918"
"097520","엠씨넥스","KOSPI",,"28000","-350","-1.23","28500","28650","27600","52151","1460411725","503376496000","17977732"
"373170","엠아이큐브솔루션","KOSDAQ","벤처기업부","7710","-290","-3.63","8000","8000","7530","13225","101979050","38842440300","5037930"
"179290","엠아이텍","KOSDAQ","우량기업부","6810","-100","-1.45","6950","6950","6750","41091","279429525","220410267180","32365678"
"484870","엠앤씨솔루션","KOSPI",,"207500","-7000","-3.26","218000","218500","206000","15890","3321814000","1899434250000","9153900"
"009780","엠에스씨","KOSDAQ","우량기업부","10110","-470","-4.44","10590","10600","10070","243261","2500573275","177936000000","17600000"
"123040","엠에스오토텍","KOSDAQ","우량기업부","2330","0","0.00","2330","2330","2275","97199","223626390","145923936670","62628299"
"432980","엠에프씨","KOSDAQ","기술성장기업부","4090","-65","-1.56","4155","4195","3990","46262","186793285","35140224780","8591742"
"413390","엠오티","KOSDAQ","중견기업부","6610","-270","-3.92","6810","6830","6560","79168","525405075","76544989800","11580180"
"032790","엠젠솔루션","KOSDAQ","벤처기업부","964","-16","-1.63","975","978","951","174397","167703632","44040764160","45685440"
"033160","엠케이전자","KOSDAQ","중견기업부","8640","-400","-4.42","9000","9000","8530","145406","1262881500","190653099840","22066331"
"347890","엠투아이","KOSDAQ","벤처기업부","6440","-80","-1.23","6530","6610","6400","52509","338417215","108921033760","16913204"
"033310","엠투엔","KOSDAQ","우량기업부","1960","-45","-2.24","2000","2015","1943","98216","193260355","79070772760","40342231"
"259630","엠플러스","KOSDAQ","우량기업부","14720","-210","-1.41","15000","15210","14290","316644","4683475870","178960696320","12157656"
"105550","엣지파운드리","KOSDAQ","중견기업부","1990","-35","-1.73","2040","2040","1960","844426","1679681749","155831031490","78307051"
"060850","영림원소프트랩","KOSDAQ","벤처기업부","6340","-240","-3.65","6600","6600","6220","67510","427007130","51550540000","8131000"
"014440","영보화학","KOSPI",,"4370","-30","-0.68","4400","4400","4355","35336","154413536","87400000000","20000000"
"143540","영우디에스피","KOSDAQ","벤처기업부","725","-7","-0.96","732","747","714","70044","50539082","32334923875","44599895"
"111770","영원무역","KOSPI",,"62800","300","0.48","61300","63300","61100","44515","2774278150","2782760190400","44311468"
"009970","영원무역홀딩스","KOSPI",,"139200","-300","-0.22","138200","141800","137000","15607","2157275550","1879093790400","13499237"
"003520","영진약품","KOSPI",,"1942","-28","-1.42","1984","1984","1936","359235","698405767","355177683602","182892731"
"000670","영풍","KOSPI",,"42250","-850","-1.97","42650","43000","41650","27330","1149163300","807332012500","19108450"
"006740","영풍제지","KOSPI",,"1004","-12","-1.18","1016","1017","994","146940","147046449","56130846872","55907218"
"012280","영화금속","KOSPI",,"868","-5","-0.57","873","877","857","113595","98981159","44844790340","51664505"
"265560","영화테크","KOSDAQ","우량기업부","8260","90","1.10","8110","8550","7960","205998","1712501005","88300886800","10690180"
"012160","영흥","KOSPI",,"527","-17","-3.13","545","560","526","183116","97803298","53390566044","101310372"
"036000","예림당","KOSDAQ","중견기업부","3330","-40","-1.19","3370","3430","3310","30439","102029670","76704142410","23034277"
"250930","예선테크","KOSDAQ","벤처기업부","464","-4","-0.85","468","478","461","69640","32439209","15312204160","33000440"
"053280","예스24","KOSDAQ","중견기업부","3825","-30","-0.78","3855","3855","3810","54344","207799845","95625000000","25000000"
"122640","예스티","KOSDAQ","벤처기업부","18610","-680","-3.53","19500","19520","18390","132626","2492290990","397320168810","21349821"
"476040","오가노이드사이언스","KOSDAQ","기술성장기업부","37350","-250","-0.66","37950","38150","36550","664990","24886141825","244823049900","6554834"
"900300","오가닉티코스메틱","KOSDAQ","외국기업(소속부없음)","359","-3","-0.83","362","362","351","539996","191519073","34464798416","96002224"
"212310","오건에코텍","KONEX","일반기업부","635","0","0.00","0","0","0","0","0","7337979990","11555874"
"045060","오공","KOSDAQ","우량기업부","2435","-55","-2.21","2490","2490","2425","90334","220704090","41253706690","16941974"
"192410","오늘이엔엠","KOSDAQ","투자주의환기종목(소속부없음)","1887","-43","-2.23","1888","1960","1785","397960","743709785","56658454386","30025678"
"080520","오디텍","KOSDAQ","벤처기업부","3200","-50","-1.54","3230","3255","3180","13692","43856263","37589148800","11746609"
"007310","오뚜기","KOSPI",,"414000","2000","0.49","419000","419500","410500","7647","3169520250","1659241620000","4007830"
"039830","오로라","KOSDAQ","우량기업부","20000","-550","-2.68","20350","21000","19900","181310","3718543590","215257800000","10762890"
"322310","오로스테크놀로지","KOSDAQ","벤처기업부","27250","-1300","-4.55","28000","28450","26900","159181","4354506550","255238269500","9366542"
"046120","오르비텍","KOSDAQ","중견기업부","3410","-245","-6.70","3585","3630","3405","526816","1843188899","93602747260","27449486"
"475830","오름테라퓨틱","KOSDAQ","기술성장기업부","31800","-100","-0.31","31950","32600","31250","225880","7193987900","672841476600","21158537"
"014940","오리엔탈정공","KOSDAQ","우량기업부","9200","-650","-6.60","9750","9830","9160","2371492","22219620475","419277681200","45573661"
"002630","오리엔트바이오","KOSPI",,"572","-11","-1.89","583","583","567","709367","405050699","67829478860","118583005"
"065500","오리엔트정공","KOSDAQ","중견기업부","2700","-90","-3.23","2765","2790","2700","450544","1225790446","85705862400","31742912"
"271560","오리온","KOSPI",,"103700","-1000","-0.96","104500","105200","103400","125453","13022833800","4099896888400","39536132"
"001800","오리온홀딩스","KOSPI",,"20250","-400","-1.94","20500","20650","20000","74393","1503892225","1268569795500","62645422"
"010470","오리콤","KOSDAQ","우량기업부","6100","-40","-0.65","6150","6150","6050","10035","60996430","73047805000","11975050"
"417860","오브젠","KOSDAQ","투자주의환기종목(소속부없음)","13110","-610","-4.45","13700","13760","13110","26813","355103310","58349188290","4450739"
"352910","오비고","KOSDAQ","기술성장기업부","4265","15","0.35","4205","4280","4170","8121","34282950","53900225530","12637802"
"053980","오상자이엘","KOSDAQ","우량기업부","3480","-45","-1.28","3525","3525","3460","36808","128054106","66060084840","18982783"
"036220","오상헬스케어","KOSDAQ","중견기업부","14210","-640","-4.31","14900","14900","13980","59887","848830100","206178801360","14509416"
"052420","오성첨단소재","KOSDAQ","우량기업부","1625","-38","-2.29","1652","1666","1610","1213607","1979112984","148152020250","91170474"
"332190","오션스바이오","KONEX","일반기업부","5090","0","0.00","0","0","0","0","0","7522200510","1477839"
"052300","오션인더블유","KOSDAQ","중견기업부","2680","-20","-0.74","2700","2705","2640","51975","138125311","45198583240","16865143"
"039200","오스코텍","KOSDAQ","벤처기업부","44500","100","0.23","44650","44950","43550","192671","8521409375","1702355332000","38255176"
"226400","오스테오닉","KOSDAQ","기술성장기업부","7390","-160","-2.12","7480","7520","7290","150974","1116682605","152689231390","20661601"
"031510","오스템","KOSDAQ","중견기업부","1039","1","0.10","1038","1041","1030","48813","50517777","29092000000","28000000"
"342870","오아","KOSDAQ","중견기업부","12320","140","1.15","12120","14000","11990","2020663","26524841500","67053066080","5442619"
"368970","오에스피","KOSDAQ","벤처기업부","2280","-10","-0.44","2285","2310","2250","22367","51101725","21309244800","9346160"
"138080","오이솔루션","KOSDAQ","벤처기업부","10110","-510","-4.80","10410","10460","10060","25231","256405485","107409600450","10624095"
"080580","오킨스전자","KOSDAQ","벤처기업부","8910","-540","-5.71","9440","9440","8790","582540","5257922615","171442183770","19241547"
"067170","오텍","KOSDAQ","중견기업부","1949","-23","-1.17","1972","1973","1945","39317","76760436","46564738145","23891605"
"353590","오토앤","KOSDAQ","중견기업부","2995","-20","-0.66","3005","3015","2995","11949","35867225","38562332150","12875570"
"173130","오파스넷","KOSDAQ","우량기업부","6310","-60","-0.94","6340","6340","6220","62442","390936980","82323244630","13046473"
"440320","오픈놀","KOSDAQ","기술성장기업부","4500","-90","-1.96","4530","4580","4465","49478","222439728","44235000000","9830000"
"049480","오픈베이스","KOSDAQ","우량기업부","2465","-80","-3.14","2520","2550","2460","240180","596491723","77456174095","31422383"
"394280","오픈엣지테크놀로지","KOSDAQ","기술성장기업부","11560","-500","-4.15","12100","12100","11500","107619","1258772175","254695341640","22032469"
"309930","오하임앤컴퍼니","KOSDAQ","중견기업부","2880","-5","-0.17","2900","2910","2795","73739","209552910","70522698240","24487048"
"476060","온코닉테라퓨틱스","KOSDAQ","기술성장기업부","52800","0","0.00","52800","57100","51200","1145001","61621681700","584169168000","11063810"
"382150","온코크로스","KOSDAQ","기술성장기업부","9190","-820","-8.19","9980","10030","9170","147355","1378748695","110444841030","12017937"
"005320","온타이드","KOSPI",,"517","-13","-2.45","524","529","507","231909","119027650","35350231730","68375690"
"244460","올리패스","KOSDAQ","관리종목(소속부없음)","1651","0","0.00","0","0","0","0","0","8980622755","5439505"
"226950","올릭스","KOSDAQ","기술성장기업부","94000","200","0.21","92800","95800","91400","573032","53832913350","1890789602000","20114783"
"057540","옴니시스템","KOSDAQ","중견기업부","804","-9","-1.11","810","812","795","266042","213015890","47797281420","59449355"
"131030","옵투스제약","KOSDAQ","우량기업부","7250","-220","-2.95","7470","7520","7150","124319","901615565","117110424500","16153162"
"082210","옵트론텍","KOSDAQ","투자주의환기종목(소속부없음)","1994","-71","-3.44","2050","2060","1920","84170","166931989","66185593756","33192374"
"109080","옵티시스","KOSDAQ","벤처기업부","8900","-250","-2.73","9140","9140","8800","40801","363241340","50160400000","5636000"
"380540","옵티코어","KOSDAQ","벤처기업부","1870","39","2.13","1831","1870","1809","120908","223301380","90570347670","48433341"
"153710","옵티팜","KOSDAQ","기술성장기업부","5080","-60","-1.17","5140","5170","4985","15151","76052570","74523386640","14669958"
"432430","와이랩","KOSDAQ","기술성장기업부","5090","-100","-1.93","5150","5150","4995","110812","557223575","84027348800","16508320"
"338840","와이바이오로직스","KOSDAQ","기술성장기업부","13340","-580","-4.17","13800","14000","13200","302568","4084895115","199422074540","14949181"
"122990","와이솔","KOSDAQ","우량기업부","5730","-160","-2.72","5890","5900","5720","80492","466511960","158557884090","27671533"
"232140","와이씨","KOSDAQ","우량기업부","13330","-510","-3.68","13550","13690","13120","954107","12742933145","1093664515500","82045350"
"112290","와이씨켐","KOSDAQ","기술성장기업부","20200","-1000","-4.72","20800","20850","20100","107398","2186325725","204233009000","10110545"
"065530","와이어블","KOSDAQ","중견기업부","1332","-28","-2.06","1370","1381","1331","62941","84534007","63721226988","47838759"
"067900","와이엔텍","KOSDAQ","우량기업부","6290","-80","-1.26","6370","6410","6290","34071","215238070","114475855110","18199659"
"007530","와이엠","KOSDAQ","중견기업부","2680","-35","-1.29","2710","2735","2680","2722","7351305","59641339080","22254231"
"155650","와이엠씨","KOSDAQ","우량기업부","3450","-100","-2.82","3550","3570","3410","52702","182547955","67186535100","19474358"
"273640","와이엠텍","KOSDAQ","벤처기업부","8600","-300","-3.37","8920","8940","8600","25113","218215115","94307600000","10966000"
"251370","와이엠티","KOSDAQ","벤처기업부","15800","10","0.06","15790","16330","15505","196324","3108296730","257768531200","16314464"
"209640","와이제이링크","KOSDAQ","중견기업부","3160","-140","-4.24","3270","3320","3145","304377","970709119","89880341360","28443146"
"096250","와이즈넛","KOSDAQ","기술성장기업부","14110","-640","-4.34","14750","14800","14090","132714","1897407310","184792122960","13096536"
"273060","와이즈버즈","KOSDAQ","중견기업부","1112","-27","-2.37","1149","1176","1092","1316748","1470228769","56111055184","50459582"
"019210","와이지-원","KOSDAQ","우량기업부","5070","-70","-1.36","5140","5150","5040","67886","344539615","170219262330","33573819"
"122870","와이지엔터테인먼트","KOSDAQ","우량기업부","100700","5800","6.11","94800","103000","94500","459571","46097781150","1882188634300","18691049"
"011690","와이투솔루션","KOSPI",,"3320","-105","-3.07","3395","3470","3285","338274","1130407796","121426988080","36574394"
"079000","와토스코리아","KOSDAQ","중견기업부","5780","-160","-2.69","5940","5940","5780","46330","271602270","41616000000","7200000"
"403490","우듬지팜","KOSDAQ","벤처기업부","1752","-71","-3.89","1825","1825","1737","769335","1368015007","79806164928","45551464"
"316140","우리금융지주","KOSPI",,"26200","-550","-2.06","26500","26550","26000","2175325","56957480075","19455897326200","742591501"
"032820","우리기술","KOSDAQ","벤처기업부","4110","-175","-4.08","4325","4325","4095","10198191","42871334586","683377677510","166271941"
"041190","우리기술투자","KOSDAQ","벤처기업부","10100","80","0.80","10350","10490","9960","2151887","22042931945","848400000000","84000000"
"115440","우리넷","KOSDAQ","우량기업부","6560","-230","-3.39","6790","6820","6500","143849","949184400","70810555520","10794292"
"046970","우리로","KOSDAQ","벤처기업부","1270","-48","-3.64","1312","1312","1260","612530","779619671","55657748730","43824999"
"082850","우리바이오","KOSDAQ","벤처기업부","2270","-75","-3.20","2345","2350","2265","458626","1052492188","109996432060","48456578"
"215360","우리산업","KOSDAQ","우량기업부","8190","-130","-1.56","8320","8320","8050","47825","390753605","74792414970","9132163"
"072470","우리산업홀딩스","KOSDAQ","중견기업부","2995","-95","-3.07","3060","3060","2990","31508","95374120","56567586295","18887341"
"073560","우리손에프앤지","KOSDAQ","우량기업부","1491","-13","-0.86","1504","1504","1482","103746","154557487","103233325713","69237643"
"037400","우리엔터프라이즈","KOSDAQ","중견기업부","1062","-8","-0.75","1071","1071","1058","18947","20129119","27849193452","26223346"
"153490","우리이앤엘","KOSDAQ","우량기업부","705","-7","-0.98","712","740","700","98253","69060321","36293400000","51480000"
"101170","우림피티에스","KOSDAQ","벤처기업부","5010","-160","-3.09","5170","5170","5010","57514","291505270","67635000000","13500000"
"006980","우성","KOSPI",,"16960","260","1.56","16680","17120","16560","1248","21072580","52406400000","3090000"
"066590","우수AMS","KOSDAQ","중견기업부","2865","-35","-1.21","2880","2900","2855","38110","109073190","111944442960","39073104"
"017370","우신시스템","KOSPI",,"7120","20","0.28","7150","7210","6880","75550","530993080","130396064480","18314054"
"103840","우양","KOSDAQ","중견기업부","4310","-90","-2.05","4395","4440","4250","288284","1245960074","70539304680","16366428"
"101970","우양에이치씨","KOSDAQ","중견기업부","17650","180","1.03","17470","18040","17470","22431","398335200","261043658850","14790009"
"046940","우원개발","KOSDAQ","벤처기업부","3190","-10","-0.31","3200","3200","3120","48562","153194785","57657176500","18074350"
"215380","우정바이오","KOSDAQ","벤처기업부","1629","-37","-2.22","1700","1700","1624","112930","184889877","27415379304","16829576"
"065680","우주일렉트로","KOSDAQ","우량기업부","38500","-3150","-7.56","41650","41650","38050","53292","2078944300","355758133500","9240471"
"105840","우진","KOSPI",,"15650","600","3.99","15100","16150","14820","3009797","46668235225","316093535500","20197670"
"018620","우진비앤지","KOSDAQ","중견기업부","933","1","0.11","928","935","883","86784","79392593","26953710369","28889293"
"010400","우진아이엔에스","KOSPI",,"3035","-40","-1.30","3075","3085","3000","15178","46406410","23132770000","7622000"
"457550","우진엔텍","KOSDAQ","중견기업부","22900","-1000","-4.18","23950","23950","22600","131885","3040521475","212313663100","9271339"
"049800","우진플라임","KOSPI",,"2165","10","0.46","2170","2200","2100","15676","33886950","43300000000","20000000"
"016880","웅진","KOSPI",,"4355","-155","-3.44","4505","4555","4250","1148681","5013273441","348082433400","79927080"
"095720","웅진씽크빅","KOSPI",,"1616","-19","-1.16","1635","1635","1610","108243","174902936","186657671760","115505985"
"396470","워트","KOSDAQ","중견기업부","7720","-390","-4.81","8060","8060","7640","99342","774704910","124446400000","16120000"
"005820","원림","KOSPI",,"14200","-20","-0.14","14220","14800","14160","958","13679410","32631174000","2297970"
"307280","원바이오젠","KOSDAQ","벤처기업부","5470","-130","-2.32","5600","5600","5400","22913","125801600","38807609690","7094627"
"032940","원익","KOSDAQ","우량기업부","6620","-160","-2.36","6720","6820","6540","207374","1377498385","120439182600","18193230"
"240810","원익IPS","KOSDAQ GLOBAL","우량기업부","44300","-1150","-2.53","44750","45100","43200","582908","25666394575","2174416814300","49083901"
"074600","원익QnC","KOSDAQ GLOBAL","우량기업부","23500","-500","-2.08","23550","24000","23000","449964","10575792075","617768000000","26288000"
"104830","원익머트리얼즈","KOSDAQ","우량기업부","32100","-250","-0.77","31750","32600","31250","137617","4396480800","404716800000","12608000"
"014190","원익큐브","KOSDAQ","우량기업부","1488","-18","-1.20","1503","1505","1475","120732","179038927","52675060128","35399906"
"217820","원익피앤이","KOSDAQ","중견기업부","2625","-110","-4.02","2755","2755","2615","112918","299991374","124568217375","47454559"
"030530","원익홀딩스","KOSDAQ","중견기업부","13810","20","0.15","13700","14150","13340","2814757","38679424310","1066656517610","77237981"
"012620","원일특강","KOSDAQ","우량기업부","8080","-260","-3.12","8400","8420","8060","6689","54898230","35552000000","4400000"
"136150","원일티엔아이","KOSDAQ","벤처기업부","21700","-1050","-4.62","22500","22700","21550","89738","1966190900","181868351000","8381030"
"382840","원준","KOSDAQ","우량기업부","8440","-300","-3.43","8710","8710","8310","63572","541943005","128892143640","15271581"
"336570","원텍","KOSDAQ","기술성장기업부","9570","-270","-2.74","9800","9840","9450","709446","6820962030","861002344290","89968897"
"376980","원티드랩","KOSDAQ","기술성장기업부","4040","-40","-0.98","4080","4080","4020","32357","130497744","39456231760","9766394"
"122830","원포유","KONEX","일반기업부","1750","-40","-2.23","1798","1900","1699","4637","8029911","57315973750","32751985"
"008370","원풍","KOSDAQ","우량기업부","4995","10","0.20","4955","5020","4955","25324","126305452","59940000000","12000000"
"008290","원풍물산","KOSDAQ","중견기업부","512","-13","-2.48","525","527","512","91727","47371153","20835163648","40693679"
"101160","월덱스","KOSDAQ","우량기업부","23100","-850","-3.55","23600","23750","22200","173183","4029736675","381403938300","16510993"
"336060","웨이버스","KOSDAQ","벤처기업부","1088","-23","-2.07","1111","1115","1075","292082","316151436","52392857600","48155200"
"095270","웨이브일렉트로","KOSDAQ","벤처기업부","6410","-120","-1.84","6530","6590","6120","91544","575359930","95965750960","14971256"
"289930","웨이비스","KOSDAQ","기술성장기업부","8350","-330","-3.80","8750","8750","8100","62121","519114820","104538601550","12519593"
"010600","웰바이오텍","KOSPI",,"545","0","0.00","0","0","0","0","0","49553256815","90923407"
"065950","웰크론","KOSDAQ","중견기업부","1931","-22","-1.13","1980","1980","1925","59486","115174025","54514644162","28231302"
"076080","웰크론한텍","KOSDAQ","중견기업부","1422","-36","-2.47","1458","1472","1417","44315","63307743","32128889832","22594156"
"043590","웰킵스하이텍","KOSDAQ","중견기업부","665","-1","-0.15","666","669","652","26794","17606019","18045946730","27136762"
"196700","웹스","KOSDAQ","벤처기업부","1408","-37","-2.56","1445","1445","1403","35507","50495497","20224714752","14364144"
"069080","웹젠","KOSDAQ GLOBAL","우량기업부","14050","-470","-3.24","14450","14560","14010","76857","1088448940","486142420200","34600884"
"053580","웹케시","KOSDAQ","우량기업부","12980","-480","-3.57","13350","13400","12850","105625","1377735425","176998499040","13636248"
"479960","위너스","KOSDAQ","중견기업부","12220","-450","-3.55","12800","12800","12220","12122","150231080","83719220000","6851000"
"377460","위니아에이드","KOSDAQ","관리종목(소속부없음)","4080","0","0.00","0","0","0","0","0","253187202960","62055687"
"044340","위닉스","KOSDAQ","중견기업부","5560","-30","-0.54","5610","5700","5500","33547","186437365","99376243000","17873425"
"330350","위더스제약","KOSDAQ","우량기업부","6960","-70","-1.00","7030","7080","6900","75703","528138580","91886887440","13202139"
"348350","위드텍","KOSDAQ","우량기업부","8600","-240","-2.71","8780","8850","8460","27709","236751270","87578960000","10183600"
"112040","위메이드","KOSDAQ","중견기업부","26200","-650","-2.42","26700","26700","25900","91323","2389417175","889450254600","33948483"
"101730","위메이드맥스","KOSDAQ","벤처기업부","6660","-100","-1.48","6760","6760","6590","37366","248444330","558129884760","83803286"
"123420","위메이드플레이","KOSDAQ","우량기업부","9120","-380","-4.00","9450","9500","9000","93516","854671285","104604959040","11469842"
"065370","위세아이텍","KOSDAQ","벤처기업부","6670","-220","-3.19","6980","6980","6600","29716","199901020","49250973180","7383954"
"140660","위월드","KONEX","일반기업부","1259","0","0.00","0","0","0","0","0","3131450268","2487252"
"038620","위즈코프","KOSDAQ","벤처기업부","593","-10","-1.66","603","603","592","232707","138406068","44907572745","75729465"
"299900","위지윅스튜디오","KOSDAQ","중견기업부","847","-27","-3.09","874","875","839","585836","498045127","144878404748","171048884"
"036090","위지트","KOSDAQ","중견기업부","692","-8","-1.14","688","695","688","411831","284283029","81927460528","118392284"
"459100","위츠","KOSDAQ","중견기업부","6180","-200","-3.13","6370","6400","6160","53492","333987935","78127560000","12642000"
"136540","윈스테크넷","KOSDAQ","우량기업부","12360","-90","-0.72","12450","12480","12270","30177","372766200","151777660560","12279746"
"097800","윈팩","KOSDAQ","중견기업부","551","-16","-2.82","565","574","544","1211133","669154510","64164076179","116450229"
"192390","윈하이텍","KOSDAQ","우량기업부","2520","-60","-2.33","2580","2580","2510","38342","97112865","27801217080","11032229"
"008600","윌비스","KOSPI",,"323","-5","-1.52","332","333","323","255040","83510408","21717240597","67236039"
"335870","윙스풋","KOSDAQ","중견기업부","2255","25","1.12","2250","2255","2195","17208","38136083","37772316615","16750473"
"900340","윙입푸드","KOSDAQ","외국기업(소속부없음)","1096","-20","-1.79","1113","1124","1090","211822","233472316","55162697088","50330928"
"033270","유나이티드제약","KOSPI",,"18950","-500","-2.57","19370","19450","18900","59725","1136984990","309525926900","16333822"
"014830","유니드","KOSPI",,"71800","-2200","-2.97","73600","73800","71500","24387","1760990750","485913680000","6767600"
"446070","유니드비티플러스","KOSPI",,"3710","-80","-2.11","3805","3805","3685","23284","86413740","39367607650","10611215"
"036200","유니셈","KOSDAQ","우량기업부","10170","-230","-2.21","10350","10410","9950","739238","7495759715","311855147910","30664223"
"018000","유니슨","KOSDAQ","중견기업부","1130","-2","-0.18","1186","1217","1130","2443954","2824199682","192907025660","170714182"
"000910","유니온","KOSPI",,"4300","-120","-2.71","4420","4425","4300","54672","237221462","67129961700","15611619"
"047400","유니온머티리얼","KOSPI",,"1324","-51","-3.71","1375","1399","1270","169879","226010932","55608000000","42000000"
"203450","유니온바이오메트릭스","KOSDAQ","벤처기업부","3195","-20","-0.62","3215","3215","3095","36813","115027480","44982427365","14079007"
"011330","유니켐","KOSPI",,"1501","-37","-2.41","1538","1540","1474","396159","593093603","139711575998","93078998"
"077500","유니퀘스트","KOSPI",,"6850","-180","-2.56","6980","6980","6760","259902","1783473955","147960698700","21600102"
"011320","유니크","KOSDAQ","우량기업부","3850","-55","-1.41","3885","3905","3805","39721","152301985","74384675750","19320695"
"086390","유니테스트","KOSDAQ","중견기업부","20350","-200","-0.97","20000","20550","19850","441507","8891224455","430079464100","21134126"
"241690","유니테크노","KOSDAQ","우량기업부","3175","-55","-1.70","3220","3235","3120","108216","342949715","77694491550","24470706"
"142210","유니트론텍","KOSDAQ","우량기업부","6100","-180","-2.87","6390","6390","6000","367085","2245514725","128161433100","21010071"
"121060","유니포인트","KONEX","일반기업부","743","-1","-0.13","743","743","743","2","1486","4444380810","5981670"
"389680","유디엠텍","KOSDAQ","기술성장기업부","693","-32","-4.41","723","723","665","536941","376012623","28823578245","41592465"
"088340","유라클","KOSDAQ","벤처기업부","15430","-530","-3.32","15960","16050","15120","34652","531363410","67244989240","4358068"
"048430","유라테크","KOSDAQ","우량기업부","8040","-180","-2.19","8180","8240","7990","40293","324191730","92620800000","11520000"
"206650","유바이오로직스","KOSDAQ","기술성장기업부","13230","-320","-2.36","13420","13510","13100","188702","2507680190","484538642280","36624236"
"089850","유비벨록스","KOSDAQ","우량기업부","6120","-80","-1.29","6150","6220","6030","120352","733331080","90148817880","14730199"
"495810","유비씨","KONEX","일반기업부","13120","0","0.00","0","0","0","0","0","32800000000","2500000"
"084440","유비온","KOSDAQ","기술성장기업부","1047","-11","-1.04","1058","1061","1047","12081","12685038","20639301600","19712800"
"032620","유비케어","KOSDAQ","중견기업부","4035","-160","-3.81","4195","4195","4025","207670","845459876","210615455865","52197139"
"264450","유비쿼스","KOSDAQ","우량기업부","8940","-10","-0.11","8950","8970","8840","9555","84853285","133370344020","14918383"
"078070","유비쿼스홀딩스","KOSDAQ","중견기업부","10700","90","0.85","10610","10850","10590","28135","302609950","188371060400","17604772"
"002920","유성기업","KOSPI",,"1958","-37","-1.85","1995","2010","1946","27241","53833787","50805205000","25947500"
"024800","유성티엔에스","KOSDAQ","우량기업부","2420","-20","-0.82","2420","2450","2400","59296","143423231","89665385040","37051812"
"000700","유수홀딩스","KOSPI",,"5740","-20","-0.35","5680","5790","5680","9307","53195010","149480000880","26041812"
"054930","유신","KOSDAQ","우량기업부","21400","-350","-1.61","22000","22000","20950","11903","254727375","64200000000","3000000"
"069330","유아이디","KOSDAQ","벤처기업부","1229","-14","-1.13","1269","1269","1215","169342","210881678","17440850839","14191091"
"049520","유아이엘","KOSDAQ","우량기업부","3225","-55","-1.68","3270","3270","3185","116044","372218050","103997877900","32247404"
"444920","유안타제11호스팩","KOSDAQ","SPAC(소속부없음)","2075","0","0.00","2075","2075","2070","33748","69859950","10873000000","5240000"
"446150","유안타제12호스팩","KOSDAQ","SPAC(소속부없음)","2305","0","0.00","0","0","0","0","0","10994850000","4770000"
"449020","유안타제13호스팩","KOSDAQ","관리종목(소속부없음)","2120","0","0.00","2120","2125","2120","122934","260796330","20627600000","9730000"
"450940","유안타제14호스팩","KOSDAQ","SPAC(소속부없음)","2085","0","0.00","2085","2085","2080","5513","11467365","9465900000","4540000"
"473050","유안타제15호스팩","KOSDAQ","SPAC(소속부없음)","2025","0","0.00","2020","2025","2020","3770","7618926","14195250000","7010000"
"474490","유안타제16호스팩","KOSDAQ","SPAC(소속부없음)","2010","-5","-0.25","2015","2015","2010","10009","20118640","11075100000","5510000"
"493790","유안타제17호스팩","KOSDAQ","SPAC(소속부없음)","2000","0","0.00","2005","2005","1998","647","1293815","10620000000","5310000"
"003470","유안타증권","KOSPI",,"3620","-10","-0.28","3645","3700","3570","325193","1181394147","722539605120","199596576"
"003475","유안타증권우","KOSPI",,"3610","-10","-0.28","3620","3650","3590","66665","240668366","46613085320","12912212"
"263770","유에스티","KOSDAQ","우량기업부","2090","-50","-2.34","2140","2140","2070","18990","39715592","49533359480","23700172"
"337840","유엑스엔","KONEX","일반기업부","10340","70","0.68","10000","10470","9850","339","3404280","49089522240","4747536"
"072130","유엔젤","KOSPI",,"5350","-200","-3.60","5500","5510","5290","204779","1101774650","68990678900","12895454"
"000220","유유제약","KOSPI",,"4245","-95","-2.19","4370","4375","4205","51861","220950210","72302329995","17032351"
"000225","유유제약1우","KOSPI",,"4770","0","0.00","4785","4840","4725","3218","15355025","10813256100","2266930"
"000227","유유제약2우B","KOSPI",,"10540","-80","-0.75","10600","10600","10540","849","8973710","3431402400","325560"
"388720","유일로보틱스","KOSDAQ","벤처기업부","70500","-1600","-2.22","72600","73200","69800","69204","4937329900","809553333000","11483026"
"340930","유일에너테크","KOSDAQ","벤처기업부","1601","-77","-4.59","1678","1707","1580","208357","334485379","54761324450","34204450"
"023410","유진기업","KOSDAQ","우량기업부","3365","-20","-0.59","3355","3390","3310","177567","591393204","260151053995","77310863"
"056080","유진로봇","KOSDAQ","중견기업부","11170","-20","-0.18","11300","11590","11040","1007859","11442199975","419010737840","37512152"
"468760","유진스팩10호","KOSDAQ","SPAC(소속부없음)","2115","5","0.24","2100","2120","2100","53878","113247505","8967600000","4240000"
"488060","유진스팩11호","KOSDAQ","SPAC(소속부없음)","2030","0","0.00","2025","2030","2015","759","1532885","9581600000","4720000"
"084370","유진테크","KOSDAQ","우량기업부","66700","-2200","-3.19","66900","68400","65300","187844","12512897700","1528500001400","22916042"
"240600","유진테크놀로지","KOSDAQ","중견기업부","4300","-185","-4.12","4400","4450","4270","37925","164598380","29791049300","6928151"
"001200","유진투자증권","KOSPI",,"3790","115","3.13","3650","3950","3645","3862358","14773165558","367123724220","96866418"
"221800","유투바이오","KOSDAQ","기술성장기업부","3200","0","0.00","3200","3250","3190","36303","116331735","36119027200","11287196"
"179900","유티아이","KOSDAQ","벤처기업부","23300","400","1.75","23300","24100","22550","98432","2299193725","456200392800","19579416"
"263050","유틸렉스","KOSDAQ","기술성장기업부","1586","-31","-1.92","1617","1617","1581","80676","128669256","58420081616","36834856"
"000100","유한양행","KOSPI",,"114700","-3300","-2.80","117500","117800","114400","345458","39886162300","9172379723900","79968437"
"000105","유한양행우","KOSPI",,"103200","-1600","-1.53","104800","104800","102100","2542","262776700","121873008000","1180940"
"003460","유화증권","KOSPI",,"2725","-5","-0.18","2710","2760","2690","20358","55036421","154514080875","56702415"
"003465","유화증권우","KOSPI",,"2570","-20","-0.77","2590","2590","2535","8222","20904360","44914412250","17476425"
"191410","육일씨엔에쓰","KOSDAQ","중견기업부","1632","-2","-0.12","1615","1634","1590","20978","33918377","18285344160","11204255"
"372170","윤성에프앤씨","KOSDAQ","기술성장기업부","32500","-1600","-4.69","33800","34000","32350","25347","831084825","259319060000","7979048"
"146060","율촌","KOSDAQ","중견기업부","1240","-6","-0.48","1246","1262","1237","34102","42425979","29779337800","24015595"
"008730","율촌화학","KOSPI",,"29650","-650","-2.15","29850","30200","29450","98537","2923979125","735320000000","24800000"
"072770","율호","KOSDAQ","중견기업부","1097","11","1.01","1085","1268","1051","2996686","3516284845","81301448701","74112533"
"008250","이건산업","KOSPI",,"4780","0","0.00","4780","4800","4715","15835","75125085","52353595300","10952635"
"039020","이건홀딩스","KOSDAQ","중견기업부","4650","-50","-1.06","4725","4780","4650","116501","550044045","105018896850","22584709"
"025820","이구산업","KOSPI",,"4685","-95","-1.99","4800","4895","4650","778276","3707621564","156675770000","33442000"
"067920","이글루","KOSDAQ","우량기업부","5530","-160","-2.81","5720","5720","5480","51444","285773735","60808538070","10996119"
"044960","이글벳","KOSDAQ","중견기업부","4280","-25","-0.58","4335","4350","4265","35022","149891885","54107259240","12641883"
"303530","이노뎁","KOSDAQ","벤처기업부","6400","-190","-2.88","6540","6560","6150","38042","243127920","46971513600","7339299"
"296640","이노룰스","KOSDAQ","벤처기업부","6300","10","0.16","6310","6320","6150","10118","62776900","32622987600","5178252"
"302430","이노메트리","KOSDAQ","벤처기업부","7430","-260","-3.38","7690","7690","7420","24886","186613420","73060735440","9833208"
"279060","이노벡스","KONEX","일반기업부","1188","-2","-0.17","1196","1196","1188","3","3572","11651744808","9807866"
"214320","이노션","KOSPI",,"18240","-160","-0.87","18430","18490","18170","82730","1509434765","729600000000","40000000"
"462350","이노스페이스","KOSDAQ","기술성장기업부","16120","80","0.50","16400","16400","15840","26319","421303980","151797107280","9416694"
"274400","이노시뮬레이션","KOSDAQ","기술성장기업부","4425","0","0.00","4450","4490","4365","11906","52165330","40207731525","9086493"
"073490","이노와이어리스","KOSDAQ","우량기업부","20100","-1000","-4.74","21100","21100","20100","31512","640772100","152837304600","7603846"
"215790","이노인스트루먼트","KOSDAQ","벤처기업부","436","-6","-1.36","442","445","435","58154","25599313","17563452964","40283149"
"344860","이노진","KOSDAQ","기술성장기업부","1732","-15","-0.86","1751","1758","1697","63644","108664343","20835960000","12030000"
"088390","이녹스","KOSDAQ","중견기업부","9730","-540","-5.26","10240","10340","9700","49833","493198790","91324262120","9385844"
"272290","이녹스첨단소재","KOSDAQ GLOBAL","우량기업부","23150","-900","-3.74","23900","23900","23000","142174","3322268075","468270282700","20227658"
"053350","이니텍","KOSDAQ","중견기업부","9240","30","0.33","9210","9360","8640","181213","1630869320","182868063840","19790916"
"452400","이닉스","KOSDAQ","벤처기업부","10000","-300","-2.91","10260","10290","9920","35451","355150420","90714280000","9071428"
"264850","이랜시스","KOSDAQ","중견기업부","5290","-60","-1.12","5610","5750","5190","4340622","23970805910","160258497480","30294612"
"054210","이랜텍","KOSDAQ","우량기업부","7220","-290","-3.86","7590","7590","7180","119162","862532975","182602536200","25291210"
"009730","이렘","KOSDAQ","벤처기업부","885","-15","-1.67","898","911","872","385479","341862262","54761297220","61877172"
"065440","이루온","KOSDAQ","벤처기업부","1569","-44","-2.73","1615","1624","1566","167730","265926300","42794506380","27275020"
"088260","이리츠코크렙","KOSPI",,"4695","0","0.00","4700","4700","4625","42053","195723520","297388765050","63341590"
"139480","이마트","KOSPI",,"75300","-1600","-2.08","76200","76600","74700","138093","10397189700","2077965170700","27595819"
"424870","이뮨온시아","KOSDAQ","기술성장기업부","5450","-300","-5.22","5700","5700","5400","1192110","6568984345","402788076050","73906069"
"115610","이미지스","KOSDAQ","벤처기업부","1135","-56","-4.70","1230","1231","1109","1053717","1212966859","26828605630","23637538"
"478110","이베스트스팩6호","KOSDAQ","SPAC(소속부없음)","2010","0","0.00","2010","2010","2005","84146","168870810","10090200000","5020000"
"131400","이브이첨단소재","KOSDAQ","벤처기업부","2000","-70","-3.38","2075","2085","1998","1046258","2109610053","119183764000","59591882"
"208850","이비테크","KONEX","일반기업부","5180","80","1.57","5180","5180","5180","1","5180","14608895000","2820250"
"351330","이삭엔지니어링","KOSDAQ","중견기업부","8150","-290","-3.44","8440","8480","8010","132662","1087143195","67551438000","8288520"
"080010","이상네트웍스","KOSDAQ","중견기업부","6650","0","0.00","6610","6700","6580","18345","121990500","65403222150","9835071"
"379390","이성씨엔아이","KONEX","일반기업부","5900","-100","-1.67","5900","5900","5900","200","1180000","16764614000","2841460"
"457190","이수스페셜티케미컬","KOSPI",,"47050","-2350","-4.76","48800","48850","46500","311715","14692634625","1421299574000","30208280"
"086890","이수앱지스","KOSDAQ","우량기업부","5230","-210","-3.86","5400","5440","5200","117758","622481260","206654182440","39513228"
"007660","이수페타시스","KOSPI",,"72500","-2800","-3.72","75000","75000","71800","911727","66719371300","5322168377500","73409219"
"005950","이수화학","KOSPI",,"5460","-70","-1.27","5490","5500","5410","24844","135288000","143566162740","26294169"
"015020","이스타코","KOSPI",,"636","-11","-1.70","647","648","631","144441","91885463","27253617600","42851600"
"047560","이스트소프트","KOSDAQ","중견기업부","20900","-800","-3.69","21650","21650","20800","63434","1339738625","244260222800","11687092"
"900110","이스트아시아홀딩스","KOSDAQ","외국기업(소속부없음)","1660","-101","-5.74","1740","1740","1622","678623","1131297312","42671998180","25706023"
"239340","이스트에이드","KOSDAQ","중견기업부","2125","-130","-5.76","2255","2255","2100","225080","488130808","57331722250","26979634"
"067010","이씨에스","KOSDAQ","벤처기업부","2660","25","0.95","2635","2660","2615","6606","17402505","32702040000","12294000"
"341310","이앤에치","KONEX","일반기업부","688","49","7.67","600","698","544","179","107784","11897859200","17293400"
"456070","이엔셀","KOSDAQ","기술성장기업부","11020","-520","-4.51","11600","11600","11000","39036","435592350","120137891100","10901805"
"102710","이엔에프테크놀로지","KOSDAQ","우량기업부","52900","-1100","-2.04","53300","54000","52200","237339","12557084800","755826524400","14287836"
"074610","이엔플러스","KOSPI",,"511","0","0.00","0","0","0","0","0","37494486519","73374729"
"041520","이엘씨","KOSDAQ","중견기업부","7910","-80","-1.00","7940","8030","7880","15611","123667160","96412854300","12188730"
"063760","이엘피","KOSDAQ","벤처기업부","2030","-20","-0.98","2050","2060","2015","9303","18842616","18930013900","9325130"
"123570","이엠넷","KOSDAQ","중견기업부","2230","-10","-0.45","2250","2260","2205","15055","33449232","49675653940","22276078"
"083470","이엠앤아이","KOSDAQ","벤처기업부","1015","-6","-0.59","1021","1021","992","125281","125663303","21660433935","21340329"
"095190","이엠코리아","KOSDAQ","중견기업부","2230","0","0.00","2205","2255","2150","599313","1316341831","145530830260","65260462"
"091120","이엠텍","KOSDAQ","중견기업부","9690","-350","-3.49","9930","9930","9610","59481","576832025","166018149840","17132936"
"232530","이엠티","KONEX","일반기업부","3795","-5","-0.13","3880","3880","3730","1027","3853955","97206283680","25614304"
"102460","이연제약","KOSPI",,"11170","-410","-3.54","11390","11540","11150","13570","152960050","207614678870","18586811"
"039030","이오테크닉스","KOSDAQ GLOBAL","우량기업부","231000","-4000","-1.70","231000","236000","225500","81244","18736954250","2845816050000","12319550"
"294090","이오플로우","KOSDAQ","관리종목(소속부없음)","1490","0","0.00","0","0","0","0","0","52267866450","35079105"
"088290","이원컴포텍","KOSDAQ","중견기업부","1006","4","0.40","1019","1019","944","93271","91521337","40119646184","39880364"
"084680","이월드","KOSPI",,"1457","-15","-1.02","1472","1480","1445","178025","259287940","206611623201","141806193"
"353810","이지바이오","KOSDAQ","우량기업부","6380","250","4.08","6150","6480","6060","875907","5543591500","211062649600","33081920"
"350520","이지스레지던스리츠","KOSPI",,"3870","15","0.39","3890","3890","3850","39946","154117575","142672201740","36866202"
"334890","이지스밸류플러스리츠","KOSPI",,"4170","-20","-0.48","4200","4200","4140","67749","281650598","214519265730","51443469"
"099750","이지케어텍","KOSDAQ","벤처기업부","16320","0","0.00","16310","16390","15980","13796","222527490","111543544320","6834776"
"377330","이지트로닉스","KOSDAQ","기술성장기업부","4070","-65","-1.57","4135","4140","4010","60750","246788677","33129612780","8139954"
"035810","이지홀딩스","KOSDAQ","우량기업부","3790","-15","-0.39","3795","3805","3730","139806","525844655","244516341150","64516185"
"092130","이크레더블","KOSDAQ","중견기업부","16790","-10","-0.06","16800","16890","16660","12419","208141625","202212044000","12043600"
"134060","이퓨쳐","KOSDAQ","벤처기업부","4320","-70","-1.59","4390","4515","4175","9221","40041954","20603160000","4769250"
"001840","이화공영","KOSDAQ","투자주의환기종목(소속부없음)","1616","0","0.00","0","0","0","0","0","36010355776","22283636"
"000760","이화산업","KOSPI",,"12320","-20","-0.16","12200","12460","12200","960","11795030","34496000000","2800000"
"014990","인디에프","KOSPI",,"1130","-3","-0.26","1127","1146","1111","387297","435137019","84877684350","75112995"
"041830","인바디","KOSDAQ","우량기업부","27850","-500","-1.76","28350","28350","27500","20159","560092600","375442563700","13480882"
"352940","인바이오","KOSDAQ","벤처기업부","2220","0","0.00","2200","2220","2135","28736","62946400","24126360600","10867730"
"101140","인바이오젠","KOSPI",,"12300","400","3.36","11900","12300","11180","18297","214467505","123543856800","10044216"
"216400","인바이츠바이오코아","KONEX","일반기업부","3135","-15","-0.48","3180","3180","3010","351","1058080","24174972525","7711315"
"079950","인베니아","KOSDAQ","중견기업부","585","19","3.36","566","606","566","553865","320701498","13572000000","23200000"
"389470","인벤티지랩","KOSDAQ","기술성장기업부","44700","-1350","-2.93","45850","46400","43750","361528","16230606550","480941291100","10759313"
"277410","인산가","KOSDAQ","벤처기업부","1202","-12","-0.99","1216","1219","1195","52652","63329374","46170629010","38411505"
"060150","인선이엔티","KOSDAQ","중견기업부","4540","-85","-1.84","4585","4600","4520","69922","317851743","211398798480","46563612"
"033230","인성정보","KOSDAQ","중견기업부","1976","-69","-3.37","2035","2035","1976","545815","1089163295","99818390880","50515380"
"450520","인스웨이브","KOSDAQ","벤처기업부","3875","-155","-3.85","4000","4030","3825","105717","412951662","56980239750","14704578"
"006490","인스코비","KOSPI",,"675","-24","-3.43","699","702","675","424524","290387357","84038226300","124501076"
"465480","인스피언","KOSDAQ","벤처기업부","6310","-350","-5.26","6650","6680","6310","153147","990007600","63969341320","10137772"
"037330","인지디스플레","KOSDAQ","우량기업부","1393","-17","-1.21","1436","1436","1383","56311","78768308","61132117032","43885224"
"100030","인지소프트","KOSDAQ","벤처기업부","19040","-110","-0.57","19200","19200","18790","12866","244217820","62521914560","3283714"
"023800","인지컨트롤스","KOSPI",,"5810","-80","-1.36","5990","5990","5760","26379","153208440","91851434570","15809197"
"034590","인천도시가스","KOSPI",,"25900","-100","-0.38","26000","26050","25800","915","23754050","113306128600","4374754"
"211050","인카금융서비스","KOSDAQ","우량기업부","12790","-80","-0.62","13050","13050","12610","136188","1749026310","657147642000","51379800"
"083640","인콘","KOSDAQ","벤처기업부","313","-5","-1.57","317","319","310","166591","52191963","24326469863","77720351"
"064090","인크레더블버즈","KOSDAQ","중견기업부","2020","-15","-0.74","2035","2035","1981","220586","442231573","100480344900","49742745"
"216050","인크로스","KOSDAQ","중견기업부","7290","-180","-2.41","7460","7460","7260","76171","585300780","93627088380","12843222"
"049070","인탑스","KOSDAQ","우량기업부","15640","-640","-3.93","16190","16360","15590","48371","764943700","269008000000","17200000"
"311960","인터로이드","KONEX","일반기업부","2180","80","3.81","2000","2195","1900","54","110745","6676607520","3062664"
"119610","인터로조","KOSDAQ","중견기업부","18090","-810","-4.29","18780","18780","17960","28527","520605760","223389466380","12348782"
"017250","인터엠","KOSDAQ","중견기업부","1126","-12","-1.05","1127","1137","1122","25196","28484777","23697195842","21045467"
"129260","인터지스","KOSPI",,"2720","20","0.74","2670","2750","2670","49669","134265424","80914217280","29747874"
"051370","인터플렉스","KOSDAQ","우량기업부","8800","-460","-4.97","9230","9230","8800","114354","1020337850","205281753600","23327472"
"064290","인텍플러스","KOSDAQ","벤처기업부","16330","-890","-5.17","17060","17090","16070","419964","6925889350","210068499460","12863962"
"189300","인텔리안테크","KOSDAQ","우량기업부","46850","-2050","-4.19","49050","49050","46400","86265","4045357700","502856697900","10733334"
"287840","인투셀","KOSDAQ","기술성장기업부","36200","-2300","-5.97","38000","38000","35600","360343","13095846700","537483120000","14847600"
"150840","인트로메딕","KOSDAQ","관리종목(소속부없음)","5850","0","0.00","0","0","0","0","0","251537720850","42997901"
"048530","인트론바이오","KOSDAQ","기술성장기업부","3775","-115","-2.96","3890","3920","3775","199152","757725583","128919126550","34150762"
"023810","인팩","KOSPI",,"6460","-30","-0.46","6490","6540","6300","19942","127159145","64600000000","10000000"
"115310","인포바인","KOSDAQ","벤처기업부","65100","700","1.09","66400","67800","63500","13638","889808350","207856683300","3192883"
"039290","인포뱅크","KOSDAQ","중견기업부","5920","-200","-3.27","6120","6120","5860","38745","230592900","51468349760","8693978"
"071200","인피니트헬스케어","KOSDAQ","중견기업부","5960","-150","-2.45","6110","6110","5920","66668","397871030","145402889680","24396458"
"101930","인화정공","KOSDAQ","우량기업부","53500","-2100","-3.78","55200","56800","53000","22110","1197730800","493959187000","9232882"
"249420","일동제약","KOSPI",,"26700","1100","4.30","25600","27350","25250","2518167","66575386000","844741328400","31638252"
"000230","일동홀딩스","KOSPI",,"9270","330","3.69","8940","9330","8780","66396","606735160","106979508000","11540400"
"013360","일성건설","KOSPI",,"1340","4","0.30","1336","1340","1312","175722","232638253","72393339200","54024880"
"003120","일성아이에스","KOSPI",,"23650","50","0.21","23600","23950","23350","4725","111232250","314545000000","13300000"
"333430","일승","KOSDAQ","중견기업부","7400","-370","-4.76","7770","7870","7340","966862","7287074685","227377927800","30726747"
"068330","일신바이오","KOSDAQ","중견기업부","1611","-48","-2.89","1643","1652","1610","133668","216942531","71232201540","44216140"
"003200","일신방직","KOSPI",,"10230","20","0.20","10230","10280","10020","47926","487907345","234880800000","22960000"
"007110","일신석재","KOSPI",,"1999","-1","-0.05","1992","2035","1967","1270450","2536596220","154835763390","77456610"
"007570","일양약품","KOSPI",,"13050","0","0.00","0","0","0","0","0","249067915200","19085664"
"007575","일양약품우","KOSPI",,"12980","0","0.00","0","0","0","0","0","5777138400","445080"
"178780","일월지엠엘","KOSDAQ","중견기업부","2985","15","0.51","2935","3020","2900","52836","156645105","53041047075","17769195"
"008500","일정실업","KOSPI",,"19260","4440","29.96","19260","19260","19260","43812","842975520","23112000000","1200000"
"019540","일지테크","KOSDAQ","우량기업부","3905","-95","-2.38","4000","4040","3890","41693","163430760","52770217500","13513500"
"081000","일진다이아","KOSPI",,"11540","-220","-1.87","11700","11760","11490","13687","158110215","163902331500","14202975"
"020760","일진디스플","KOSPI",,"902","0","0.00","0","0","0","0","0","46465394382","51513741"
"103590","일진전기","KOSPI",,"33900","-1050","-3.00","34950","35000","33500","706206","23996207475","1616534721000","47685390"
"094820","일진파워","KOSDAQ","우량기업부","10450","-260","-2.43","10750","10750","10330","78767","828229360","157572509050","15078709"
"271940","일진하이솔루스","KOSPI",,"16980","-540","-3.08","17610","17620","16980","52500","901432700","616597966200","36313190"
"015860","일진홀딩스","KOSPI",,"5350","-30","-0.56","5390","5400","5290","81877","435881120","264009034050","49347483"
"226320","잇츠한불","KOSPI",,"12200","-180","-1.45","12400","12400","11980","25268","305555810","267537643000","21929315"
"950140","잉글우드랩","KOSDAQ","외국기업(소속부없음)","13940","700","5.29","13280","13980","13280","432006","5974245730","276958052040","19867866"
"049550","잉크테크","KOSDAQ","우량기업부","2990","-70","-2.29","3055","3055","2980","7990","24037700","58622768230","19606277"
"389020","자람테크놀로지","KOSDAQ","기술성장기업부","36050","-1600","-4.25","37300","37700","35700","31091","1134901200","223428166500","6197730"
"254120","자비스","KOSDAQ","기술성장기업부","1360","-12","-0.87","1372","1385","1341","99161","133972305","41825807200","30754270"
"043910","자연과환경","KOSDAQ","벤처기업부","680","-16","-2.30","693","704","660","1279405","864694356","77106190760","113391457"
"234920","자이글","KOSDAQ","벤처기업부","5130","-120","-2.29","5250","5330","5100","47131","243255600","69413568300","13530910"
"289220","자이언트스텝","KOSDAQ","기술성장기업부","5840","-120","-2.01","5870","5940","5780","25434","148475095","130303370640","22312221"
"317400","자이에스앤디","KOSPI",,"3330","-55","-1.62","3400","3400","3320","33113","110417680","129145791600","38782520"
"033240","자화전자","KOSPI",,"20100","-950","-4.51","20700","20750","19920","124672","2526390150","437308383600","21756636"
"174880","장원테크","KOSDAQ","관리종목(소속부없음)","2650","0","0.00","0","0","0","0","0","11610352250","4381265"
"049630","재영솔루텍","KOSDAQ","중견기업부","827","-23","-2.71","850","869","819","1525537","1275278920","84181835140","101791820"
"417840","저스템","KOSDAQ","벤처기업부","12500","-750","-5.66","13090","13090","12370","98067","1236021365","90784375000","7262750"
"000950","전방","KOSPI",,"37800","-200","-0.53","37800","38250","37400","1388","52357150","63504000000","1680000"
"079900","전진건설로봇","KOSPI",,"45000","-1250","-2.70","46250","46250","44800","33989","1534765025","656664525000","14592545"
"110020","전진바이오팜","KOSDAQ","기술성장기업부","2710","-30","-1.09","2765","2850","2670","53042","145165765","24549245020","9058762"
"208140","정다운","KOSDAQ","우량기업부","2650","0","0.00","2650","2655","2630","68750","181403737","86613251900","32684246"
"040420","정상제이엘에스","KOSDAQ","우량기업부","6340","-30","-0.47","6400","6400","6330","23296","147917820","99395679680","15677552"
"045510","정원엔시스","KOSDAQ","중견기업부","999","-29","-2.82","1028","1028","975","25752","25790823","32177082708","32209292"
"217190","제너셈","KOSDAQ","벤처기업부","8800","-450","-4.86","9150","9150","8700","59223","524910075","77168731200","8769174"
"095700","제넥신","KOSDAQ","기술성장기업부","5090","-30","-0.59","5110","5200","5050","98679","503000570","231801114460","45540494"
"122310","제노레이","KOSDAQ","우량기업부","5030","-30","-0.59","5120","5120","5010","13780","69455080","73205835320","14553844"
"361390","제노코","KOSDAQ","벤처기업부","16610","-790","-4.54","17550","17550","16530","63497","1069812590","146181105290","8800789"
"066830","제노텍","KONEX","일반기업부","1097","1","0.09","950","1097","950","2","2047","6216896460","5667180"
"225220","제놀루션","KOSDAQ","벤처기업부","2280","-90","-3.80","2370","2370","2265","90406","207492330","43753247880","19190021"
"123330","제닉","KOSDAQ","벤처기업부","25600","-600","-2.29","26450","26500","25000","57328","1468606475","203998208000","7968680"
"381620","제닉스로보틱스","KOSDAQ","중견기업부","11590","-1010","-8.02","12750","12850","11330","815946","9697381775","152036692800","13117920"
"159580","제로투세븐","KOSDAQ","중견기업부","4400","-120","-2.65","4540","4540","4380","81782","362952400","88143598400","20032636"
"147830","제룡산업","KOSDAQ","벤처기업부","5890","-280","-4.54","6160","6160","5880","147583","881980835","117800000000","20000000"
"033100","제룡전기","KOSDAQ","우량기업부","32150","-1250","-3.74","33450","33500","31850","137174","4426989725","516406449350","16062409"
"079370","제우스","KOSDAQ","우량기업부","15260","-530","-3.36","15570","15665","15020","258040","3949310475","473319267400","31016990"
"054950","제이브이엠","KOSDAQ","우량기업부","30400","-450","-1.46","32500","32800","30200","292354","9064339450","367532716800","12089892"
"023440","제이스코홀딩스","KOSDAQ","중견기업부","1449","-27","-1.83","1452","1464","1420","741053","1065912044","128404647756","88616044"
"090470","제이스텍","KOSDAQ","우량기업부","3370","-105","-3.02","3440","3475","3320","34598","115948674","58896121780","17476594"
"137950","제이씨케미칼","KOSDAQ","우량기업부","3400","-55","-1.59","3455","3455","3395","41344","140990555","75710567600","22267814"
"033320","제이씨현시스템","KOSDAQ","벤처기업부","4880","-200","-3.94","5050","5070","4845","115430","568657966","93278428160","19114432"
"417500","제이아이테크","KOSDAQ","우량기업부","3190","-115","-3.48","3310","3310","3165","97225","311930282","104583333360","32784744"
"348950","제이알글로벌리츠","KOSPI",,"2940","-20","-0.68","2955","2955","2910","519165","1517354924","580285440000","197376000"
"204270","제이앤티씨","KOSDAQ","중견기업부","22450","600","2.75","21650","23100","20700","1095602","24088297300","1298698061700","57848466"
"127120","제이에스링크","KOSDAQ","벤처기업부","24450","250","1.03","24200","25100","23750","164275","4005797825","725526683850","29673893"
"194370","제이에스코퍼레이션","KOSPI",,"10280","-190","-1.81","10510","10530","10000","123144","1258847910","298292272240","29016758"
"026040","제이에스티나","KOSDAQ","중견기업부","3795","-105","-2.69","3835","3980","3775","414524","1589134912","62631883050","16503790"
"452160","제이엔비","KOSDAQ","중견기업부","8080","-80","-0.98","8160","8160","7900","107118","857353200","77709618160","9617527"
"126880","제이엔케이글로벌","KOSDAQ","우량기업부","4210","0","0.00","4215","4250","4120","116298","485278651","97692641630","23204903"
"322510","제이엘케이","KOSDAQ","기술성장기업부","5730","-230","-3.86","5860","6080","5710","76656","443182910","146280551160","25528892"
"254160","제이엠멀티","KONEX","일반기업부","2600","0","0.00","0","0","0","0","0","13416000000","5160000"
"033050","제이엠아이","KOSDAQ","벤처기업부","819","-6","-0.73","820","832","803","45445","37080783","26682481098","32579342"
"094970","제이엠티","KOSDAQ","벤처기업부","2845","-120","-4.05","2960","2960","2805","212932","612886235","47648742800","16748240"
"418550","제이오","KOSDAQ","기술성장기업부","7450","-330","-4.24","7720","7720","7410","87615","658872645","238531663850","32017673"
"025620","제이준코스메틱","KOSPI",,"8100","-210","-2.53","8320","8460","7900","43870","361913225","65049058800","8030748"
"420570","제이투케이바이오","KOSDAQ","벤처기업부","9320","-100","-1.06","9410","9410","9160","8607","79570720","54498541560","5847483"
"089790","제이티","KOSDAQ","벤처기업부","5160","-430","-7.69","5460","5460","5060","908045","4746925845","53228047080","10315513"
"0010V0","제이피아이헬스케어","KOSDAQ","벤처기업부","21750","1550","7.67","20400","23450","20300","4319541","96002181000","111042450000","5105400"
"030000","제일기획","KOSPI",,"20400","-350","-1.69","20650","20800","20250","328698","6711617575","2346840990000","115041225"
"052670","제일바이오","KOSDAQ","관리종목(소속부없음)","2080","0","0.00","0","0","0","0","0","60588453120","29129064"
"271980","제일약품","KOSPI",,"15150","860","6.02","14500","15940","14500","300635","4574337690","222778810800","14704872"
"412540","제일엠앤에스","KOSDAQ","관리종목(소속부없음)","3935","0","0.00","0","0","0","0","0","81063616775","20600665"
"001560","제일연마","KOSPI",,"10220","-10","-0.10","10210","10250","10090","1540","15604530","100156000000","9800000"
"199820","제일일렉트릭","KOSDAQ","우량기업부","9610","-410","-4.09","9960","9970","9550","235680","2293471875","213534200000","22220000"
"038010","제일테크노스","KOSDAQ","우량기업부","6710","-120","-1.76","6800","6810","6650","33684","225528985","60390000000","9000000"
"002620","제일파마홀딩스","KOSPI",,"8690","10","0.12","8700","9160","8510","39063","343291950","138808454950","15973355"
"080220","제주반도체","KOSDAQ","우량기업부","18390","-640","-3.36","18600","18840","18300","797879","14754232175","633403698870","34442833"
"006220","제주은행","KOSPI",,"15460","1280","9.03","14170","17170","13870","11721598","188521461570","584365691220","37798557"
"089590","제주항공","KOSPI",,"6370","-80","-1.24","6450","6480","6350","51188","327431335","513683074450","80640985"
"216080","제테마","KOSDAQ","우량기업부","5990","-130","-2.12","6130","6220","5960","67181","406273850","214792522820","35858518"
"337930","젝시믹스","KOSDAQ","우량기업부","5140","-30","-0.58","5170","5180","5090","53698","274842050","152537081500","29676475"
"229000","젠큐릭스","KOSDAQ","기술성장기업부","1536","1","0.07","1536","1536","1500","51240","77627976","24756980736","16117826"
"082270","젬백스","KOSDAQ","벤처기업부","59300","0","0.00","57900","60300","57400","244986","14430242350","2507464089800","42284386"
"004910","조광페인트","KOSPI",,"5450","-90","-1.62","5550","5550","5440","24427","133822050","69760000000","12800000"
"004700","조광피혁","KOSPI",,"62500","-300","-0.48","64300","64500","62200","3454","216575550","415571125000","6649138"
"001550","조비","KOSPI",,"11950","-250","-2.05","12170","12200","11860","34449","412553230","62047256050","5192239"
"462520","조선내화","KOSPI",,"15590","-1590","-9.25","16850","17260","15590","296473","4768704080","184822069120","11855168"
"120030","조선선재","KOSPI",,"104100","-3100","-2.89","106100","107200","103700","11991","1256072900","130921469100","1257651"
"034940","조아제약","KOSDAQ","중견기업부","1070","-32","-2.90","1102","1109","1059","126405","135226475","33148414890","30979827"
"067000","조이시티","KOSDAQ","중견기업부","1744","-46","-2.57","1790","1790","1741","98454","173613480","121911609824","69903446"
"018470","조일알미늄","KOSPI",,"1353","-28","-2.03","1381","1400","1352","321583","438101602","171332718513","126631721"
"002600","조흥","KOSPI",,"156700","-5300","-3.27","159800","159900","156700","80","12633900","94020000000","600000"
"185750","종근당","KOSPI",,"79800","-2400","-2.92","81600","82500","79200","83603","6690206000","1101461844000","13802780"
"063160","종근당바이오","KOSPI",,"22900","-600","-2.55","23650","23650","22700","24836","572112425","125628529800","5485962"
"001630","종근당홀딩스","KOSPI",,"47100","-1200","-2.48","48300","48300","46650","7815","368783350","235964453100","5009861"
"033340","좋은사람들","KOSDAQ","중견기업부","2210","0","0.00","2185","2310","2175","3523173","7859476629","214260733180","96950558"
"036930","주성엔지니어링","KOSDAQ GLOBAL","우량기업부","30700","-1400","-4.36","31650","31650","30450","429633","13269104400","1451137454700","47268321"
"109070","주성코퍼레이션","KOSPI",,"1095","-2","-0.18","1100","1100","1050","391882","422077823","57827201850","52810230"
"044380","주연테크","KOSPI",,"530","-18","-3.28","548","548","520","150834","79663491","35194041560","66403852"
"072020","중앙백신","KOSDAQ","벤처기업부","9680","-90","-0.92","9750","9770","9680","7670","74425090","93496090160","9658687"
"000440","중앙에너비스","KOSDAQ","중견기업부","16550","740","4.68","16250","16940","16130","231746","3843967825","103059001500","6227130"
"051980","중앙첨단소재","KOSDAQ","중견기업부","2430","-105","-4.14","2545","2545","2420","1245808","3052208450","259163652870","106651709"
"228760","지노믹트리","KOSDAQ","기술성장기업부","22050","-600","-2.65","22550","23000","21650","146979","3261782600","537504956100","24376642"
"314130","지놈앤컴퍼니","KOSDAQ","기술성장기업부","2600","-10","-0.38","2610","2640","2470","84733","216864210","80822339000","31085515"
"013890","지누스","KOSPI",,"15820","110","0.70","15700","16040","15520","72124","1143153705","352067392320","22254576"
"389030","지니너스","KOSDAQ","기술성장기업부","2035","-40","-1.93","2060","2145","1982","499881","1016362187","67871004575","33351845"
"263860","지니언스","KOSDAQ","벤처기업부","24400","-1650","-6.33","25200","25250","24050","88966","2182654875","221542240000","9079600"
"303030","지니틱스","KOSDAQ","벤처기업부","905","16","1.80","899","952","889","69806","64235066","33551688545","37073689"
"036180","지더블유바이텍","KOSDAQ","투자주의환기종목(소속부없음)","577","0","0.00","0","0","0","0","0","53929030348","93464524"
"208350","지란지교시큐리티","KOSDAQ","벤처기업부","3020","0","0.00","2985","3075","2970","22331","67262265","26692417980","8838549"
"446840","지슨","KOSDAQ","기술성장기업부","1980","23","1.18","1950","1989","1902","106100","206680964","109419340140","55262293"
"144510","지씨셀","KOSDAQ","중견기업부","19200","-630","-3.18","19980","19980","18910","57961","1110184315","303366604800","15800344"
"340450","지씨지놈","KOSDAQ","기술성장기업부","7510","-350","-4.45","7800","7830","7500","72229","550409055","177617455430","23650793"
"358570","지아이이노베이션","KOSDAQ","기술성장기업부","17780","-480","-2.63","18260","18300","17510","386372","6883586980","1131526738720","63640424"
"382480","지아이텍","KOSDAQ","벤처기업부","2055","-5","-0.24","2070","2070","1999","124028","250449564","80878922700","39357140"
"382800","지앤비에스 에코","KOSDAQ","우량기업부","3045","-120","-3.79","3165","3165","2980","167263","507185690","96925519845","31831041"
"299480","지앤이헬스케어","KONEX","일반기업부","499","5","1.01","499","499","499","10","4990","5539270757","11100743"
"051160","지어소프트","KOSDAQ","중견기업부","7620","-220","-2.81","7840","7840","7580","137844","1051886015","117915156600","15474430"
"053050","지에스이","KOSDAQ","우량기업부","2685","-45","-1.65","2730","2770","2680","150301","405648581","80516697945","29987597"
"076340","지에이이노더스","KONEX","일반기업부","5230","20","0.38","5230","5230","5230","1","5230","25477735800","4871460"
"388610","지에프씨생명과학","KOSDAQ","기술성장기업부","21000","600","2.94","20350","21150","19500","344527","6926695690","110319489000","5253309"
"119850","지엔씨에너지","KOSDAQ","우량기업부","30150","-650","-2.11","30800","30900","29800","294797","8898010525","495934606350","16448909"
"065060","지엔코","KOSDAQ","중견기업부","910","-40","-4.21","930","940","901","627262","573112956","21658731640","23800804"
"204840","지엘팜텍","KOSDAQ","기술성장기업부","1078","-30","-2.71","1110","1113","1078","145083","157657144","83237992068","77215206"
"013870","지엠비코리아","KOSPI",,"3985","-20","-0.50","4030","4035","3980","9612","38334666","76003035800","19072280"
"071320","지역난방공사","KOSPI",,"90600","900","1.00","89000","91500","89000","17847","1615455500","1049034206400","11578744"
"311320","지오엘리먼트","KOSDAQ","기술성장기업부","6970","-320","-4.39","7240","7280","6940","59647","419300510","87923483200","12614560"
"456160","지투지바이오","KOSDAQ","기술성장기업부","210000","1000","0.48","206500","217000","203000","431176","90429618250","1126795740000","5365694"
"388050","지투파워","KOSDAQ","벤처기업부","8410","-360","-4.10","8700","8750","8390","317517","2701758360","157346365170","18709437"
"088790","진도","KOSPI",,"1869","0","0.00","1869","1910","1847","42870","80219778","23264833536","12447744"
"018120","진로발효","KOSDAQ","우량기업부","18990","-210","-1.09","19200","19200","18990","2759","52599570","125735068800","6621120"
"109820","진매트릭스","KOSDAQ","기술성장기업부","2720","-120","-4.23","2785","2810","2680","349270","949593451","55470700800","20393640"
"086060","진바이오텍","KOSDAQ","중견기업부","4090","-120","-2.85","4190","4205","4055","122245","502066988","35217300830","8610587"
"036890","진성티이씨","KOSDAQ","우량기업부","12520","-250","-1.96","12770","12770","12450","118274","1484849630","281477995360","22482268"
"363250","진시스템","KOSDAQ","기술성장기업부","6220","90","1.47","6130","6250","5990","12626","76972300","43806203560","7042798"
"003780","진양산업","KOSPI",,"6790","-50","-0.73","6790","6900","6710","73569","499208790","88270000000","13000000"
"007370","진양제약","KOSDAQ","우량기업부","5670","-200","-3.41","5870","5870","5650","85923","491634545","75177169200","13258760"
"010640","진양폴리","KOSPI",,"4350","10","0.23","4315","4350","4220","79129","338781635","43500000000","10000000"
"100250","진양홀딩스","KOSPI",,"3200","-20","-0.62","3220","3220","3185","65638","209951305","178864934400","55895292"
"051630","진양화학","KOSPI",,"2320","15","0.65","2315","2320","2240","92006","209176975","49184000000","21200000"
"272450","진에어","KOSPI",,"7940","-100","-1.24","8050","8060","7920","75346","601049675","414468000000","52200000"
"285800","진영","KOSDAQ","벤처기업부","1969","9","0.46","1960","1991","1901","12377","24191918","34412744630","17477270"
"011000","진원생명과학","KOSPI",,"2280","-20","-0.87","2300","2475","2265","792284","1851136717","194734654080","85409936"
"250030","진코스텍","KONEX","일반기업부","10900","60","0.55","11000","11000","10500","78","838600","28223773300","2589337"
"002780","진흥기업","KOSPI",,"717","0","0.00","720","735","711","471518","337526846","104303241165","145471745"
"002787","진흥기업2우B","KOSPI",,"7690","80","1.05","7750","7750","7690","490","3768160","2267073520","294808"
"002785","진흥기업우B","KOSPI",,"3260","-100","-2.98","3335","3360","3260","2572","8631295","2794530680","857218"
"233990","질경이","KONEX","일반기업부","907","-160","-15.00","1206","1206","907","811","832376","13391762486","14764898"
"085660","차바이오텍","KOSDAQ","중견기업부","11020","90","0.82","11290","11460","10920","460290","5162500635","842216536660","76426183"
"261780","차백신연구소","KOSDAQ","기술성장기업부","2730","-5","-0.18","2780","2780","2655","43531","117053720","73342121580","26865246"
"351870","차이커뮤니케이션","KOSDAQ","중견기업부","6170","-170","-2.68","6370","6370","6050","27194","166741510","68861161140","11160642"
"009310","참엔지니어링","KOSPI",,"1353","33","2.50","1310","1353","1310","61024","81802796","22965122499","16973483"
"094850","참좋은여행","KOSDAQ","벤처기업부","7020","-70","-0.99","7090","7240","6950","105774","749779705","98280000000","14000000"
"368030","창대정밀","KONEX","일반기업부","8580","0","0.00","0","0","0","0","0","15009054060","1749307"
"004650","창해에탄올","KOSDAQ","중견기업부","9950","-30","-0.30","10020","10020","9870","24227","240018450","91449305750","9190885"
"278280","천보","KOSDAQ","중견기업부","41950","-1650","-3.78","43150","43150","41750","24483","1030320900","419500000000","10000000"
"000650","천일고속","KOSPI",,"40200","-350","-0.86","40300","40800","39950","193","7760250","57454644000","1429220"
"362320","청담글로벌","KOSDAQ","중견기업부","9130","-140","-1.51","9220","9680","9070","3268354","30594086350","192198277700","21051290"
"066360","체리부로","KOSDAQ","우량기업부","790","-13","-1.62","803","808","786","34336","27256037","37882091850","47952015"
"033250","체시스","KOSPI",,"1069","-25","-2.29","1094","1094","1067","300518","322840884","34208000000","32000000"
"047820","초록뱀미디어","KOSDAQ","중견기업부","6990","-70","-0.99","7060","7170","6970","149336","1051373750","170932970700","24453930"
"094360","칩스앤미디어","KOSDAQ","벤처기업부","15840","-800","-4.81","16560","16560","15760","98889","1584910465","336586916160","21249174"
"016920","카스","KOSDAQ","중견기업부","1152","-4","-0.35","1156","1159","1148","48665","56140905","30520555776","26493538"
"284620","카이노스메드","KOSDAQ","투자주의환기종목(소속부없음)","1087","0","0.00","0","0","0","0","0","35965517911","33086953"
"035720","카카오","KOSPI",,"59300","-3900","-6.17","62400","62500","59100","4899137","294440590650","26226937446500","442275505"
"293490","카카오게임즈","KOSDAQ GLOBAL","중견기업부","15720","-360","-2.24","15940","15980","15640","127798","2011576625","1302660389640","82866437"
"323410","카카오뱅크","KOSPI",,"23500","-650","-2.69","23950","23950","23450","669122","15796664500","11209275269500","476990437"
"377300","카카오페이","KOSPI",,"53000","-2500","-4.50","54600","54600","52500","1048324","55843981700","7161489956000","135122452"
"140430","카티스","KOSDAQ","벤처기업부","2175","-65","-2.90","2335","2350","2110","44386","97468201","41547326325","19102219"
"042000","카페24","KOSDAQ","기술성장기업부","40500","-2750","-6.36","42900","43000","40250","179148","7388947825","982248687000","24253054"
"006380","카프로","KOSPI",,"3660","0","0.00","0","0","0","0","0","618539985360","168999996"
"313760","캐리","KOSDAQ","투자주의환기종목(소속부없음)","2690","-110","-3.93","2850","2850","2630","67557","182687409","30147330340","11207186"
"317530","캐리소프트","KOSDAQ","기술성장기업부","4645","-80","-1.69","4645","4765","4645","7078","33090820","46633263830","10039454"
"071850","캐스텍코리아","KOSDAQ","투자주의환기종목(소속부없음)","1680","0","0.00","1680","1680","1655","35455","58720041","40758375840","24260938"
"198080","캐프","KOSDAQ","우량기업부","2165","-70","-3.13","2210","2230","2130","137822","300505530","46623675525","21535185"
"210120","캔버스엔","KOSDAQ","중견기업부","1598","140","9.60","1452","1598","1438","4578038","7097511009","37685002790","23582605"
"050110","캠시스","KOSDAQ","중견기업부","777","-5","-0.64","773","781","759","204369","156849429","57361339686","73824118"
"452300","캡스톤파트너스","KOSDAQ","중견기업부","2945","-40","-1.34","2985","3550","2885","3414463","11141864876","41581942225","14119505"
"451760","컨텍","KOSDAQ","기술성장기업부","8400","-230","-2.67","8780","8780","8380","30717","260656855","128118446400","15252196"
"900310","컬러레이","KOSDAQ","외국기업(소속부없음)","688","-3","-0.43","704","704","681","14453","9906685","44060672400","64041675"
"078340","컴투스","KOSDAQ GLOBAL","중견기업부","37100","-900","-2.37","38000","38000","37100","45601","1705229050","472570710500","12737755"
"063080","컴투스홀딩스","KOSDAQ","중견기업부","20750","-450","-2.12","21250","21250","20700","10289","214599350","136850234000","6595192"
"307930","컴퍼니케이","KOSDAQ","중견기업부","6060","-60","-0.98","6120","6120","5960","61441","369097020","94596600000","15610000"
"079190","케스피온","KOSDAQ","벤처기업부","459","-6","-1.29","465","465","459","40252","18663846","17605180926","38355514"
"263700","케어랩스","KOSDAQ","중견기업부","5160","-60","-1.15","5180","5230","4845","116051","587023320","100177272000","19414200"
"214370","케어젠","KOSDAQ","벤처기업부","59900","-900","-1.48","60300","61400","59200","81372","4880265200","3217528500000","53715000"
"221980","케이디켐","KOSDAQ","우량기업부","10780","20","0.19","10780","10780","10740","1032","11104990","43495144000","4034800"
"038530","케이바이오","KOSDAQ","중견기업부","250","-4","-1.57","254","254","247","340999","85040955","28928586750","115714347"
"001620","케이비아이동국실업","KOSPI",,"477","-8","-1.65","484","487","471","109041","52057419","53086775787","111293031"
"192250","케이사인","KOSDAQ","벤처기업부","12950","-890","-6.43","13850","13900","12900","451858","6003190085","91519268750","7067125"
"431190","케이쓰리아이","KOSDAQ","기술성장기업부","5320","10","0.19","5290","5590","5200","480293","2584652085","39827871440","7486442"
"029460","케이씨","KOSPI",,"25700","-500","-1.91","25800","26050","25300","60418","1547825825","340043459100","13231263"
"115500","케이씨에스","KOSDAQ","중견기업부","10120","-580","-5.42","10420","10460","10100","94549","965421610","121440000000","12000000"
"281820","케이씨텍","KOSPI",,"37300","-1400","-3.62","37900","38200","36700","97257","3634801625","771749047900","20690323"
"089150","케이씨티","KOSDAQ","중견기업부","3850","-150","-3.75","3965","3965","3820","250064","967660968","66027500000","17150000"
"025880","케이씨피드","KOSDAQ","우량기업부","2700","-60","-2.17","2755","2755","2680","93324","252943907","45132816600","16715858"
"093320","케이아이엔엑스","KOSDAQ","우량기업부","91000","-1400","-1.52","92800","92900","90900","9442","865135200","444080000000","4880000"
"093640","케이알엠","KOSDAQ","투자주의환기종목(소속부없음)","4020","-110","-2.66","4130","4135","3970","52248","210983615","131147881020","32623851"
"073010","케이에스피","KOSDAQ","우량기업부","5780","-150","-2.53","5910","5980","5640","678035","3926866980","232305425000","40191250"
"105330","케이엔더블유","KOSDAQ","중견기업부","5390","140","2.67","5250","5470","5120","58337","311681255","86563550920","16060028"
"053080","케이엔솔","KOSDAQ","우량기업부","11100","-510","-4.39","11460","11540","11100","35230","395897525","144297857700","12999807"
"199430","케이엔알시스템","KOSDAQ","기술성장기업부","12280","-500","-3.91","12780","13080","12200","316144","3959055860","133578315640","10877713"
"432470","케이엔에스","KOSDAQ","벤처기업부","11850","-150","-1.25","12500","12500","11670","50237","604609605","103942938600","8771556"
"272110","케이엔제이","KOSDAQ","우량기업부","27700","-1250","-4.32","28850","29150","27250","257029","7197229250","222303441500","8025395"
"039420","케이엘넷","KOSDAQ","중견기업부","2980","-55","-1.81","3050","3050","2975","92397","276552035","71981095400","24154730"
"083550","케이엠","KOSDAQ","중견기업부","3185","-65","-2.00","3245","3260","3180","12319","39411290","41248575095","12950887"
"032500","케이엠더블유","KOSDAQ","중견기업부","11620","-400","-3.33","12030","12050","11600","104723","1225433345","473451473460","40744533"
"225430","케이엠제약","KOSDAQ","벤처기업부","649","16","2.53","633","650","625","62694","39812625","18098695450","27887050"
"102370","케이옥션","KOSDAQ","기술성장기업부","4225","-125","-2.87","4300","4300","4160","162650","686337140","115043412250","27229210"
"068100","케이웨더","KOSDAQ","기술성장기업부","2750","-10","-0.36","2800","2800","2735","12667","34900642","27333938500","9939614"
"106080","케이이엠텍","KOSDAQ","중견기업부","1597","-64","-3.85","1662","1696","1591","63299","102917889","44202326547","27678351"
"455180","케이지에이","KOSDAQ","벤처기업부","5030","-350","-6.51","5340","5340","5030","200038","1029896425","60833685160","12094172"
"381970","케이카","KOSPI",,"16010","40","0.25","16000","16130","15910","83841","1344897805","781621776480","48820848"
"145270","케이탑리츠","KOSPI",,"952","2","0.21","958","960","948","38429","36554983","45753856848","48060774"
"036030","케이티알파","KOSDAQ","우량기업부","5480","-270","-4.70","5700","5700","5480","137387","761076950","268625670840","49019283"
"064820","케이프","KOSDAQ","우량기업부","11420","-370","-3.14","12050","12200","11350","610663","7149963980","352897733760","30901728"
"024880","케이피에프","KOSDAQ","우량기업부","5260","-140","-2.59","5360","5390","5160","167284","881284075","108791517480","20682798"
"042040","케이피엠테크","KOSDAQ","중견기업부","238","-2","-0.83","240","245","236","395674","94941374","46444646612","195145574"
"054410","케이피티유","KOSDAQ","중견기업부","3400","5","0.15","3395","3405","3360","6567","22320765","19469909600","5726444"
"258610","케일럼","KOSDAQ","중견기업부","2055","225","12.30","1854","2100","1845","652990","1313778127","55047558315","26787133"
"274090","켄코아에어로스페이스","KOSDAQ","기술성장기업부","10750","-380","-3.41","11000","11140","10650","88928","959333025","140876062500","13104750"
"402420","켈스","KONEX","일반기업부","1599","0","0.00","0","0","0","0","0","3755672037","2348763"
"089010","켐트로닉스","KOSDAQ","우량기업부","29950","-250","-0.83","29950","30500","29300","377007","11272311450","463756162700","15484346"
"220260","켐트로스","KOSDAQ","우량기업부","3870","-130","-3.25","4000","4000","3840","58418","226336934","102780648090","26558307"
"176590","코나솔","KONEX","일반기업부","5380","-20","-0.37","5060","5380","5050","1533","8090020","31329531540","5823333"
"052400","코나아이","KOSDAQ","우량기업부","47500","-1900","-3.85","49400","49450","47200","143406","6847436325","691756322500","14563291"
"402030","코난테크놀로지","KOSDAQ","기술성장기업부","24550","-1150","-4.47","26300","26300","24450","80203","1998783900","282754330400","11517488"
"391710","코닉오토메이션","KOSDAQ","벤처기업부","2480","-90","-3.50","2575","2650","2465","764007","1927079698","104321413280","42065086"
"046070","코다코","KOSDAQ","관리종목(소속부없음)","10280","0","0.00","0","0","0","0","0","159196994920","15486089"
"047770","코데즈컴바인","KOSDAQ","중견기업부","1994","-91","-4.36","2050","2130","1984","1206219","2456677000","75458148388","37842602"
"080530","코디","KOSDAQ","중견기업부","1238","-15","-1.20","1253","1285","1231","69344","86310687","68722463250","55510875"
"417310","코람코더원리츠","KOSPI",,"6530","60","0.93","6490","6550","6430","150342","973580035","263812000000","40400000"
"357120","코람코라이프인프라리츠","KOSPI",,"4360","-25","-0.57","4385","4400","4335","185416","808198270","424382143440","97335354"
"104540","코렌텍","KOSDAQ","기술성장기업부","5440","-180","-3.20","5620","5620","5420","32059","175449885","69554425600","12785740"
"027050","코리아나","KOSDAQ","중견기업부","2730","-50","-1.80","2775","2855","2730","336688","934226297","109200000000","40000000"
"007815","코리아써우","KOSPI",,"6740","-90","-1.32","6810","6830","6550","1923","12835890","19982010600","2964690"
"007810","코리아써키트","KOSPI",,"16560","-1290","-7.23","17450","17850","16410","764094","12930164045","391159636560","23620751"
"00781K","코리아써키트2우B","KOSPI",,"6380","60","0.95","6340","6380","6330","1211","7696380","4999999620","783699"
"190650","코리아에셋투자증권","KOSDAQ","우량기업부","6970","-90","-1.27","7060","7060","6810","11899","82830865","44524360000","6388000"
"123410","코리아에프티","KOSDAQ","우량기업부","6090","-140","-2.25","6210","6210","6000","245823","1496591760","169552079760","27841064"
"003690","코리안리","KOSPI",,"10890","-60","-0.55","10980","11100","10870","230264","2524434100","2121601027590","194821031"
"036690","코맥스","KOSDAQ","관리종목(소속부없음)","2885","0","0.00","0","0","0","0","0","45885746130","15904938"
"049430","코메론","KOSDAQ","우량기업부","10810","-210","-1.91","10950","10950","10710","16180","174502380","97808880000","9048000"
"183300","코미코","KOSDAQ GLOBAL","우량기업부","94900","900","0.96","95100","95700","92600","140367","13210402250","992718911600","10460684"
"041960","코미팜","KOSDAQ","벤처기업부","6440","-20","-0.31","6470","6550","6400","133214","860831500","472631406800","73389970"
"089890","코세스","KOSDAQ","우량기업부","15770","-1530","-8.84","17300","17500","15390","239921","3877735175","261544850740","16584962"
"360350","코셈","KOSDAQ","기술성장기업부","7540","-140","-1.82","7680","7680","7400","9042","67963960","43015473800","5704970"
"189350","코셋","KONEX","일반기업부","1330","-9","-0.67","1338","1338","1330","19","25278","6384000000","4800000"
"082660","코스나인","KOSDAQ","관리종목(소속부없음)","480","0","0.00","0","0","0","0","0","47827617120","99640869"
"192820","코스맥스","KOSPI",,"226500","-3000","-1.31","228000","229500","221500","69276","15540402500","2570663788500","11349509"
"044820","코스맥스비티아이","KOSPI",,"17500","-560","-3.10","18060","18290","16900","24472","434460520","168068617500","9603921"
"222040","코스맥스엔비티","KOSDAQ","중견기업부","3670","-170","-4.43","3810","3835","3670","50741","188505445","75704760000","20628000"
"241710","코스메카코리아","KOSDAQ","우량기업부","69500","1300","1.91","68900","71900","68200","106137","7458956750","742260000000","10680000"
"005070","코스모신소재","KOSPI",,"41300","-2150","-4.95","42700","42700","41300","317879","13264773025","1342694222800","32510756"
"005420","코스모화학","KOSPI",,"15620","-680","-4.17","16140","16140","15500","141520","2215998225","599936521360","38408228"
"355150","코스텍시스","KOSDAQ","벤처기업부","11990","-260","-2.12","12270","12370","11560","54554","647222015","93490226500","7797350"
"169670","코스텍시스템","KONEX","일반기업부","5810","-170","-2.84","5990","5990","5810","46","268060","16665409810","2868401"
"071950","코아스","KOSPI",,"5170","-80","-1.52","5260","5330","5060","75901","391707000","17013022400","3290720"
"166480","코아스템켐온","KOSDAQ","벤처기업부","1798","-32","-1.75","1830","1950","1796","234924","434626749","59100936048","32870376"
"045970","코아시아","KOSDAQ","중견기업부","6270","-250","-3.83","6520","6540","6170","449887","2826213355","164994272520","26314876"
"196450","코아시아씨엠","KOSDAQ","중견기업부","956","-9","-0.93","964","965","942","104364","99423880","43325520392","45319582"
"384470","코어라인소프트","KOSDAQ","기술성장기업부","4635","-165","-3.44","4750","4780","4620","119288","558103375","83182917420","17946692"
"002020","코오롱","KOSPI",,"40000","-1550","-3.73","42000","42000","39250","160344","6411027525","505057040000","12626426"
"138490","코오롱ENP","KOSPI",,"6850","-100","-1.44","7010","7010","6760","64426","439287200","260300000000","38000000"
"003070","코오롱글로벌","KOSPI",,"8930","-80","-0.89","9070","9070","8860","16594","148338160","169069127090","18932713"
"003075","코오롱글로벌우","KOSPI",,"15060","60","0.40","15000","15060","14700","1187","17715230","11155499220","740737"
"450140","코오롱모빌리티그룹","KOSPI",,"21150","2850","15.57","19700","22500","19580","6423153","136918225125","1327738837500","62777250"
"45014K","코오롱모빌리티그룹우","KOSPI",,"67000","15400","29.84","61600","67000","56300","462726","30180097100","164560040000","2456120"
"102940","코오롱생명과학","KOSDAQ","중견기업부","32800","-750","-2.24","33650","33750","32400","20360","667108100","407487093600","12423387"
"002025","코오롱우","KOSPI",,"21800","-100","-0.46","21750","22250","21100","4156","90241375","23465302000","1076390"
"120110","코오롱인더","KOSPI",,"34950","-900","-2.51","35550","35600","34750","119300","4181676350","961792230450","27519091"
"120115","코오롱인더우","KOSPI",,"23300","-150","-0.64","23450","23450","22800","6879","158073925","64491138000","2767860"
"950160","코오롱티슈진","KOSDAQ","외국기업(소속부없음)","47300","-1600","-3.27","48600","48750","46850","350986","16669844900","3926412968500","83010845"
"021240","코웨이","KOSPI",,"100000","0","0.00","99700","101900","99300","98059","9839671300","7190913300000","71909133"
"033290","코웰패션","KOSDAQ","중견기업부","2135","-35","-1.61","2185","2185","2125","53811","115112515","119893702635","56156301"
"056360","코위버","KOSDAQ","벤처기업부","5150","-140","-2.65","5290","5290","5070","32107","164499120","50453520000","9796800"
"282880","코윈테크","KOSDAQ","우량기업부","15310","-840","-5.20","16020","16030","15200","302257","4703938315","175596054700","11469370"
"121850","코이즈","KOSDAQ","벤처기업부","636","2","0.32","634","659","620","248170","158157931","19470615300","30614175"
"448710","코츠테크놀로지","KOSDAQ","벤처기업부","19690","-1010","-4.88","20700","20750","19410","95740","1901036420","103580997410","5260589"
"126730","코칩","KOSDAQ","벤처기업부","14730","-720","-4.66","15300","15380","14670","141704","2110275360","125255965800","8503460"
"015710","코콤","KOSDAQ","중견기업부","3930","-35","-0.88","3980","3980","3900","26515","104162235","68894865000","17530500"
"052330","코텍","KOSDAQ","우량기업부","8510","-120","-1.39","8610","8620","8480","41695","356186070","151151122390","17761589"
"322780","코퍼스코리아","KOSDAQ","중견기업부","1265","-46","-3.51","1312","1380","1260","572071","738389668","51286389000","40542600"
"036420","콘텐트리중앙","KOSPI",,"10550","-370","-3.39","10920","10920","10330","48092","510331470","203217349400","19262308"
"200130","콜마비앤에이치","KOSDAQ GLOBAL","우량기업부","15180","-500","-3.19","15670","15700","15170","88662","1355300065","446528170440","29415558"
"024720","콜마홀딩스","KOSPI",,"12560","-210","-1.64","12790","12910","12480","301147","3795877535","430761013040","34296259"
"294570","쿠콘","KOSDAQ","우량기업부","44800","6150","15.91","37350","47400","36900","3394443","148088877150","459409888000","10254685"
"192400","쿠쿠홀딩스","KOSPI",,"30700","-100","-0.32","31200","31200","30150","23329","709667475","1091759079500","35562185"
"284740","쿠쿠홈시스","KOSPI",,"26100","-300","-1.14","26250","26650","25900","36220","944155975","585614313000","22437330"
"317690","퀀타매트릭스","KOSDAQ","기술성장기업부","4150","-120","-2.81","4200","4260","4100","169448","705460445","81244637150","19577021"
"227100","퀀텀온","KOSDAQ","관리종목(소속부없음)","612","0","0.00","0","0","0","0","0","14770119384","24134182"
"432720","퀄리타스반도체","KOSDAQ","기술성장기업부","14150","-790","-5.29","14710","14760","14010","118562","1692682555","199410459800","14092612"
"456190","큐라켐","KONEX","일반기업부","7100","0","0.00","0","0","0","0","0","12455430600","1754286"
"365270","큐라클","KOSDAQ","기술성장기업부","6180","-40","-0.64","6100","6340","6060","301066","1852466675","129836577900","21009155"
"348080","큐라티스","KOSDAQ","투자주의환기종목(소속부없음)","946","-33","-3.37","979","979","936","233936","221506404","69874269344","73862864"
"060280","큐렉소","KOSDAQ","중견기업부","8530","-220","-2.51","8780","8850","8410","136515","1172890885","350497614700","41089990"
"372320","큐로셀","KOSDAQ","기술성장기업부","40500","-600","-1.46","40600","41300","40150","39679","1613476250","582401380500","14380281"
"051780","큐로홀딩스","KOSDAQ","중견기업부","1690","0","0.00","0","0","0","0","0","39279394050","23242245"
"115180","큐리언트","KOSDAQ","벤처기업부","15840","-20","-0.13","15890","16450","15220","322732","5099720390","551461870080","34814512"
"445680","큐리옥스바이오시스템즈","KOSDAQ","기술성장기업부","62900","-3800","-5.70","64300","65500","61800","337809","21355813300","1063176307600","16902644"
"182360","큐브엔터","KOSDAQ","우량기업부","15400","-30","-0.19","15630","15930","15230","53349","827222330","248660797000","16146805"
"405100","큐알티","KOSDAQ","우량기업부","16720","-1490","-8.18","18110","18130","16690","345152","5958780130","205477112720","12289301"
"066310","큐에스아이","KOSDAQ","벤처기업부","7640","-260","-3.29","7900","7900","7600","48494","372732480","70835184440","9271621"
"136660","큐엠씨","KONEX","일반기업부","1500","-150","-9.09","1500","1500","1500","247","370500","3541425000","2360950"
"016600","큐캐피탈","KOSDAQ","벤처기업부","268","-4","-1.47","272","272","266","588546","157614486","47770226016","178247112"
"355390","크라우드웍스","KOSDAQ","기술성장기업부","5750","-380","-6.20","5970","6080","5730","314095","1848053540","78218262000","13603176"
"264900","크라운제과","KOSPI",,"9220","-150","-1.60","9330","9340","9150","11564","106737385","115469897000","12523850"
"26490K","크라운제과우","KOSPI",,"9430","-200","-2.08","9520","9630","9430","1407","13341440","7294670800","773560"
"005740","크라운해태홀딩스","KOSPI",,"6960","-60","-0.85","7020","7020","6860","35473","245161110","103337535120","14847347"
"005745","크라운해태홀딩스우","KOSPI",,"8300","0","0.00","8380","8380","8130","872","7227890","4986025800","600726"
"259960","크래프톤","KOSPI",,"295500","-4000","-1.34","298000","299500","295000","80710","23890597750","14004775113000","47393486"
"096240","크레버스","KOSDAQ","우량기업부","12890","-70","-0.54","12990","12990","12840","19084","246003450","143571140200","11138180"
"040350","크레오에스지","KOSDAQ","투자주의환기종목(소속부없음)","354","-20","-5.35","374","374","350","652832","233449740","68394684342","193205323"
"215570","크로넥스","KONEX","일반기업부","835","-63","-7.02","800","999","800","3865","3583855","4240177595","5078057"
"110790","크리스에프앤씨","KOSDAQ","우량기업부","4410","-10","-0.23","4425","4460","4300","5908","25796640","103330533600","23430960"
"900250","크리스탈신소재","KOSDAQ","외국기업(소속부없음)","817","-18","-2.16","829","833","813","388174","317978798","106732883268","130640004"
"045520","크린앤사이언스","KOSDAQ","중견기업부","4000","-50","-1.23","4050","4095","3990","18812","75553787","26000000000","6500000"
"214150","클래시스","KOSDAQ GLOBAL","우량기업부","50200","-900","-1.76","50800","50900","49300","207391","10317905250","3288384081800","65505659"
"466100","클로봇","KOSDAQ","기술성장기업부","29700","-2250","-7.04","32300","32550","29450","4061515","125302120100","735509778300","24764639"
"237880","클리오","KOSDAQ","우량기업부","13980","-170","-1.20","14150","14190","13880","59747","834053340","252637514940","18071353"
"139670","키네마스터","KOSDAQ","중견기업부","2145","-140","-6.13","2285","2285","2080","137844","295573777","30284847450","14118810"
"020120","키다리스튜디오","KOSPI",,"4140","-105","-2.47","4245","4265","4100","119490","494851034","153443991240","37063766"
"475430","키스트론","KOSDAQ","중견기업부","4765","-165","-3.35","4950","4950","4765","60125","289910023","85046244150","17848110"
"487720","키움제10호스팩","KOSDAQ","SPAC(소속부없음)","2050","-15","-0.73","2065","2095","2040","44321","90552155","8671500000","4230000"
"489480","키움제11호스팩","KOSDAQ","SPAC(소속부없음)","2040","-10","-0.49","2050","2055","2040","7223","14752365","13464000000","6600000"
"039490","키움증권","KOSPI",,"251000","-5500","-2.14","259000","261500","247500","114682","28834928000","6617480213000","26364463"
"054780","키이스트","KOSDAQ","중견기업부","4995","-95","-1.87","5060","5090","4720","580178","2855503415","97641226035","19547793"
"256940","킵스파마","KOSDAQ","벤처기업부","11040","830","8.13","10230","11250","10190","204562","2201065245","221662742880","20078147"
"336040","타스컴","KONEX","일반기업부","4945","0","0.00","4800","5000","4300","226","1072820","23165020630","4684534"
"219130","타이거일렉","KOSDAQ","중견기업부","25950","400","1.57","25550","26500","24800","69269","1792345700","163855825500","6314290"
"346010","타이드","KONEX","일반기업부","1500","0","0.00","1300","1500","1300","88","114600","7290093000","4860062"
"318660","타임기술","KONEX","일반기업부","2020","-275","-11.98","2290","2290","1955","848","1680120","4347244020","2152101"
"476710","타조엔터테인먼트","KONEX","일반기업부","16000","0","0.00","0","0","0","0","0","16000000000","1000000"
"434190","탈로스","KONEX","일반기업부","5100","-80","-1.54","5180","5180","4900","653","3220540","37584113400","7369434"
"336680","탑런토탈솔루션","KOSDAQ","중견기업부","3875","-65","-1.65","3940","3960","3850","58647","227854481","151689037250","39145558"
"360070","탑머티리얼","KOSDAQ","우량기업부","21550","-850","-3.79","22500","22500","21400","21389","464972850","175493351650","8143543"
"180060","탑선","KONEX","일반기업부","9930","-10","-0.10","9940","9990","9610","1170","11414870","92822323380","9347666"
"065130","탑엔지니어링","KOSDAQ","중견기업부","3490","-90","-2.51","3580","3580","3465","26141","91438000","56993382180","16330482"
"134580","탑코미디어","KOSDAQ","중견기업부","2530","-65","-2.50","2610","2610","2515","216272","549767112","124714196970","49294149"
"014580","태경비케이","KOSPI",,"4730","-80","-1.66","4810","4815","4685","157691","744570485","130468063000","27583100"
"015890","태경산업","KOSPI",,"5060","-50","-0.98","5070","5120","5040","48816","246967045","147897475000","29228750"
"006890","태경케미컬","KOSPI",,"9290","-160","-1.69","9340","9490","9190","20943","194378680","107764000000","11600000"
"023160","태광","KOSDAQ","우량기업부","24550","-650","-2.58","25200","25200","24050","348732","8517018000","650575000000","26500000"
"003240","태광산업","KOSPI",,"850000","-16000","-1.85","861000","869000","847000","708","605187000","946390000000","1113400"
"011280","태림포장","KOSPI",,"1892","-23","-1.20","1912","1916","1890","69785","132625410","133964838480","70805940"
"323280","태성","KOSDAQ","중견기업부","26600","300","1.14","26300","27050","25450","211775","5542598250","811319418000","30500730"
"053620","태양","KOSDAQ","우량기업부","6470","-70","-1.07","6540","6540","6450","2258","14596950","55642000000","8600000"
"052960","태양3C","KONEX","일반기업부","3600","100","2.86","3400","3600","3400","2","7000","17593480800","4887078"
"004100","태양금속","KOSPI",,"2070","0","0.00","2060","2075","2025","153025","312764356","75969000000","36700000"
"004105","태양금속우","KOSPI",,"2965","-55","-1.82","3030","3030","2950","13958","41512395","9784500000","3300000"
"116100","태양기계","KONEX","일반기업부","535","-5","-0.93","549","549","530","8997","4805520","3980392510","7439986"
"009410","태영건설","KOSPI",,"1589","-25","-1.55","1614","1614","1577","181145","287348650","472825590559","297561731"
"009415","태영건설우","KOSPI",,"5060","-70","-1.36","5130","5130","5060","342","1740070","3288868440","649974"
"044490","태웅","KOSDAQ","우량기업부","31000","100","0.32","31000","31350","30350","103425","3184315200","620228811000","20007381"
"124560","태웅로직스","KOSDAQ","우량기업부","3005","-65","-2.12","3070","3080","3000","323048","975500003","119361337555","39720911"
"001420","태원물산","KOSPI",,"3320","-5","-0.15","3325","3325","3305","917","3033780","25232000000","7600000"
"191420","테고사이언스","KOSDAQ","벤처기업부","18290","210","1.16","17950","18490","17500","12518","224107540","148310573860","8108834"
"073640","테라사이언스","KOSDAQ","관리종목(소속부없음)","654","0","0.00","0","0","0","0","0","69571715580","106378770"
"066700","테라젠이텍스","KOSDAQ","벤처기업부","2735","-85","-3.01","2810","2810","2715","76778","211433195","101611748360","37152376"
"095610","테스","KOSDAQ","우량기업부","42000","-1850","-4.22","42800","43900","40850","560488","23451999800","830265492000","19768226"
"055490","테이팩스","KOSPI",,"14020","-480","-3.31","14500","14500","14010","11132","157357280","66870493000","4769650"
"308700","테크엔","KONEX","일반기업부","199","0","0.00","0","0","0","0","0","1472600000","7400000"
"064520","테크엘","KOSDAQ","중견기업부","1975","-19","-0.95","1970","2010","1880","45165","87709882","44143347450","22351062"
"089030","테크윙","KOSDAQ","중견기업부","59500","500","0.85","57000","59800","56700","1072111","62926480100","2222541877500","37353645"
"258050","테크트랜스","KONEX","일반기업부","899","21","2.39","899","899","800","3502","3136613","9846880951","10953149"
"054450","텔레칩스","KOSDAQ","우량기업부","12990","-640","-4.70","13630","13630","12930","71379","935858615","196723586670","15144233"
"078000","텔코웨어","KOSPI",,"15170","-400","-2.57","15460","16180","15100","225450","3516916650","140171968090","9240077"
"200230","텔콘RF제약","KOSDAQ","중견기업부","1173","-37","-3.06","1210","1218","1168","1156791","1369575390","80378104209","68523533"
"214420","토니모리","KOSPI",,"10270","-390","-3.66","10660","10660","10250","154732","1604306890","247042785730","24054799"
"393210","토마토시스템","KOSDAQ","기술성장기업부","6270","-190","-2.94","6420","6440","6230","223352","1404096725","97903190880","15614544"
"475960","토모큐브","KOSDAQ","기술성장기업부","48750","-2650","-5.16","51100","51600","48350","383396","19016919875","646145857500","13254274"
"215480","토박스코리아","KOSDAQ","중견기업부","2280","10","0.44","2270","2342","2255","10412","23784214","20930400000","9180000"
"051360","토비스","KOSDAQ","우량기업부","16200","-520","-3.11","16790","16790","16120","80521","1315883890","260286339600","16067058"
"045340","토탈소프트","KOSDAQ","벤처기업부","8440","-200","-2.31","8540","8590","8300","91481","770009375","72229857600","8558040"
"108230","톱텍","KOSDAQ","우량기업부","4570","-150","-3.18","4720","4770","4510","138726","634848218","173766229650","38023245"
"079970","투비소프트","KOSDAQ","관리종목(소속부없음)","596","0","0.00","0","0","0","0","0","6807796888","11422478"
"199800","툴젠","KOSDAQ","기술성장기업부","37350","-800","-2.10","37950","38350","37100","12256","459314925","320558429250","8582555"
"417790","트루엔","KOSDAQ","벤처기업부","8630","-80","-0.92","8730","8730","8480","40817","348290165","94926979500","10999650"
"290090","트윔","KOSDAQ","벤처기업부","8170","-430","-5.00","8580","8580","8160","13963","115599890","60786989560","7440268"
"026150","특수건설","KOSDAQ","중견기업부","5790","-150","-2.53","5930","5940","5740","82470","478210295","101593256490","17546331"
"464280","티디에스팜","KOSDAQ","중견기업부","9910","-390","-3.79","10250","10280","9910","48145","480718215","54802300000","5530000"
"117730","티로보틱스","KOSDAQ","벤처기업부","11380","-440","-3.72","11830","12060","11310","294972","3430240845","213740184200","18782090"
"033830","티비씨","KOSDAQ","중견기업부","680","-3","-0.44","683","683","672","93874","63505221","68000000000","100000000"
"057680","티사이언티픽","KOSDAQ","벤처기업부","1140","-30","-2.56","1191","1205","1105","532048","610564073","81223291140","71248501"
"204610","티쓰리","KOSDAQ","벤처기업부","1984","-41","-2.02","2000","2020","1973","168388","334512367","122217812480","61601720"
"125020","티씨머티리얼즈","KOSDAQ","중견기업부","4315","-195","-4.32","4510","4510","4285","146338","635788870","147693021725","34227815"
"064760","티씨케이","KOSDAQ GLOBAL","우량기업부","156900","-4800","-2.97","157000","159300","151900","95580","14929001350","1831807500000","11675000"
"246710","티앤알바이오팹","KOSDAQ","기술성장기업부","1925","-130","-6.33","2040","2040","1908","480697","933456052","41477643900","21546828"
"340570","티앤엘","KOSDAQ","우량기업부","49550","-1650","-3.22","51200","51200","49250","42347","2103126250","402742400000","8128000"
"043220","티에스넥스젠","KOSDAQ","관리종목(소속부없음)","171","0","0.00","0","0","0","0","0","27227331873","159224163"
"277880","티에스아이","KOSDAQ","우량기업부","5100","-170","-3.23","5280","5280","5050","90016","459504900","103051864800","20206248"
"131290","티에스이","KOSDAQ","우량기업부","51600","100","0.19","51300","53000","50500","134820","6960939500","570769736400","11061429"
"019180","티에이치엔","KOSPI",,"5980","-240","-3.86","6180","6250","5880","492954","2979645255","107640000000","18000000"
"425420","티에프이","KOSDAQ","우량기업부","41050","-1150","-2.73","41700","41800","40450","115769","4745817350","467190050000","11381000"
"484810","티엑스알로보틱스","KOSDAQ","중견기업부","15440","-560","-3.50","16070","16680","15150","363339","5818763275","238562127600","15450915"
"131100","티엔엔터테인먼트","KOSDAQ","중견기업부","1525","-37","-2.37","1562","1562","1508","32096","49087448","49176254100","32246724"
"356860","티엘비","KOSDAQ","우량기업부","46500","-2500","-5.10","48500","50200","45850","377431","18059859550","457217295000","9832630"
"413300","티엘엔지니어링","KONEX","일반기업부","2465","-205","-7.68","2990","2990","2275","983","2604675","3331484475","1351515"
"363280","티와이홀딩스","KOSPI",,"2785","0","0.00","2790","2790","2700","38168","104183100","140445511380","50429268"
"36328K","티와이홀딩스우","KOSPI",,"5150","-100","-1.90","5170","5170","5080","4575","23381600","6401522100","1243014"
"321550","티움바이오","KOSDAQ","기술성장기업부","5340","-350","-6.15","5690","5690","5300","111342","607235630","144735942060","27104109"
"091810","티웨이항공","KOSPI",,"1828","-15","-0.81","1843","1855","1826","320290","586703898","497522784100","272167825"
"004870","티웨이홀딩스","KOSPI",,"545","-10","-1.80","550","557","545","156695","85959674","61674104230","113163494"
"425040","티이엠씨","KOSDAQ","기술성장기업부","9200","-370","-3.87","9450","9490","9100","244775","2269123785","196227554400","21329082"
"241790","티이엠씨씨엔에스","KOSDAQ","우량기업부","8110","-260","-3.11","8290","8290","8010","54182","439105210","81121361740","10002634"
"022220","티케이지애강","KOSDAQ","중견기업부","810","1","0.12","801","810","792","138920","111161504","41953608990","51794579"
"104480","티케이케미칼","KOSDAQ","우량기업부","1650","-12","-0.72","1650","1658","1625","162824","267401501","149977466100","90895434"
"081150","티플랙스","KOSDAQ","우량기업부","3010","-80","-2.59","3060","3090","2985","135828","409212792","73047890020","24268402"
"130740","티피씨글로벌","KOSDAQ","중견기업부","1981","37","1.90","1941","2135","1938","500635","1012513463","22339101099","11276679"
"217880","틸론","KONEX","일반기업부","2495","-35","-1.38","2405","2525","2315","4062","9828605","26764588550","10727290"
"084730","팅크웨어","KOSDAQ","우량기업부","8860","30","0.34","8840","8940","8730","38106","337085765","98429496640","11109424"
"440110","파두","KOSDAQ","기술성장기업부","21900","-200","-0.90","22100","22400","21150","695385","15168150525","1082773952700","49441733"
"034230","파라다이스","KOSPI",,"21150","-200","-0.94","21450","21600","20950","878527","18682384825","1951961333400","92291316"
"288330","파라택시스코리아","KOSDAQ","관리종목(소속부없음)","1805","-42","-2.27","1855","1905","1785","778326","1416805040","158128584520","87605864"
"033540","파라텍","KOSDAQ","중견기업부","1276","-12","-0.93","1288","1290","1267","207463","264675288","48170356388","37751063"
"388870","파로스아이바이오","KOSDAQ","기술성장기업부","5520","-370","-6.28","5810","6030","5450","156040","870891195","71461544640","12945932"
"043200","파루","KOSDAQ","벤처기업부","1093","-7","-0.64","1110","1130","1067","390418","426172434","45692116295","41804315"
"214450","파마리서치","KOSDAQ GLOBAL","우량기업부","578000","31000","5.67","547000","580000","533000","217880","122833179500","6005216544000","10389648"
"217950","파마리서치바이오","KONEX","일반기업부","35900","-350","-0.97","36250","36350","35100","1051","37603050","150178316000","4183240"
"208340","파멥신","KOSDAQ","관리종목(소속부없음)","2915","0","0.00","0","0","0","0","0","233786229820","80201108"
"005690","파미셀","KOSPI",,"11950","-360","-2.92","12290","12290","11830","939288","11264707785","717202719800","60016964"
"177830","파버나인","KOSDAQ","우량기업부","2940","-80","-2.65","3000","3015","2935","47577","140951000","39672215940","13493951"
"037070","파세코","KOSDAQ","중견기업부","5890","-50","-0.84","5920","5920","5810","59623","348300485","117800000000","20000000"
"150900","파수","KOSDAQ","벤처기업부","4680","-190","-3.90","4870","4870","4665","27807","130813378","54746274960","11697922"
"037030","파워넷","KOSDAQ","우량기업부","3170","-105","-3.21","3310","3310","3075","357124","1124631452","79825361340","25181502"
"047310","파워로직스","KOSDAQ","중견기업부","4050","-130","-3.11","4180","4180","4035","172161","701514416","148273557750","36610755"
"266870","파워풀엑스","KONEX","일반기업부","521","-87","-14.31","698","698","520","1108","586469","3338922280","6408680"
"368770","파이버프로","KOSDAQ","벤처기업부","5970","-230","-3.71","6150","6220","5930","116959","704349160","196139723250","32854225"
"170790","파이오링크","KOSDAQ","우량기업부","8600","-230","-2.60","8800","8830","8530","27115","234734145","57782445400","6718889"
"049120","파인디앤씨","KOSDAQ","벤처기업부","850","-10","-1.16","851","867","850","21747","18535828","45057071150","53008319"
"038950","파인디지털","KOSDAQ","중견기업부","3370","0","0.00","3370","3480","3295","2340","7823870","34410278050","10210765"
"387570","파인메딕스","KOSDAQ","기술성장기업부","9050","-150","-1.63","9180","9300","8900","111071","1012700470","50914395000","5625900"
"441270","파인엠텍","KOSDAQ","중견기업부","10610","-320","-2.93","10920","11090","10450","577034","6182651650","399361174530","37640073"
"106240","파인테크닉스","KOSDAQ","우량기업부","1244","34","2.81","1198","1261","1176","206941","249785940","21147178960","16999340"
"131760","파인텍","KOSDAQ","벤처기업부","906","-26","-2.79","924","930","895","333015","301269422","39349014198","43431583"
"065690","파커스","KOSDAQ","투자주의환기종목(소속부없음)","982","-21","-2.09","1006","1032","980","94659","94664634","13796443042","14049331"
"140860","파크시스템스","KOSDAQ GLOBAL","우량기업부","256000","-9000","-3.40","264000","264000","253500","24555","6317215750","1790816512000","6995377"
"091700","파트론","KOSDAQ GLOBAL","우량기업부","6380","-210","-3.19","6590","6590","6380","138048","891374835","363660000000","57000000"
"202960","판도라티비","KONEX","일반기업부","738","26","3.65","789","789","650","18014","12130289","8793699516","11915582"
"032800","판타지오","KOSDAQ","중견기업부","498","1","0.20","497","506","496","92589","46178529","22886614884","45957058"
"318010","팜스빌","KOSDAQ","중견기업부","3920","-40","-1.01","4000","4000","3850","28616","111495305","31083004960","7929338"
"036580","팜스코","KOSPI",,"2605","-110","-4.05","2695","2695","2575","63565","165975950","95676291515","36727943"
"027710","팜스토리","KOSDAQ","중견기업부","1163","-3","-0.26","1166","1166","1156","146747","170142343","129577505800","111416600"
"004720","팜젠사이언스","KOSPI",,"4390","-40","-0.90","4430","4440","4320","74874","327350600","82499316450","18792555"
"266350","팡스카이","KONEX","일반기업부","398","0","0.00","0","0","0","0","0","4835528860","12149570"
"225590","패션플랫폼","KOSDAQ","우량기업부","877","-10","-1.13","879","887","868","72488","63241001","23360397301","26636713"
"054300","팬스타엔터프라이즈","KOSDAQ","벤처기업부","840","-59","-6.56","896","910","838","2602649","2253351248","97223187600","115741890"
"068050","팬엔터테인먼트","KOSDAQ","중견기업부","2090","-50","-2.34","2125","2135","2075","188928","396318188","57880618840","27694076"
"028670","팬오션","KOSPI",,"3905","-50","-1.26","3940","3950","3865","1189288","4632654675","2087493944360","534569512"
"222110","팬젠","KOSDAQ","기술성장기업부","6020","-60","-0.99","6080","6140","5930","13040","77957310","81235065940","13494197"
"271830","팸텍","KOSDAQ","벤처기업부","1805","-40","-2.17","1840","1844","1804","73267","133066117","53229814610","29490202"
"010820","퍼스텍","KOSPI",,"4390","-90","-2.01","4520","4520","4370","602590","2670283776","214108807820","48771938"
"016800","퍼시스","KOSPI",,"45500","500","1.11","44300","46200","44300","407","18443600","523250000000","11500000"
"263750","펄어비스","KOSDAQ GLOBAL","우량기업부","35650","-1050","-2.86","36500","36650","35500","201501","7253435725","2290436030750","64247855"
"251970","펌텍코리아","KOSDAQ","우량기업부","59200","-1300","-2.15","60900","61000","58600","58442","3459307000","734080000000","12400000"
"001020","페이퍼코리아","KOSPI",,"726","5","0.69","721","735","716","27869","20221165","129215885238","177983313"
"327610","펨토바이오메드","KONEX","일반기업부","2770","135","5.12","2700","2900","2675","265","725705","23644958220","8536086"
"168360","펨트론","KOSDAQ","우량기업부","20450","-400","-1.92","20050","20700","19500","299705","6064356390","435345407800","21288284"
"087010","펩트론","KOSDAQ","기술성장기업부","277500","-3500","-1.25","277500","283000","272000","111238","30757441750","6470564625000","23317350"
"090080","평화산업","KOSPI",,"970","-18","-1.82","987","994","970","227627","221673313","53255191230","54902259"
"010770","평화홀딩스","KOSPI",,"3770","-100","-2.58","3855","3890","3750","74120","280429224","55138006820","14625466"
"064800","포니링크","KOSDAQ","중견기업부","940","-18","-1.88","958","960","923","267956","249952982","120138860120","127807298"
"119500","포메탈","KOSDAQ","중견기업부","3000","-45","-1.48","3045","3045","2975","85202","254954994","35541696000","11847232"
"389140","포바이포","KOSDAQ","벤처기업부","11810","-690","-5.52","12500","12500","11780","229375","2737221280","131914570350","11169735"
"105760","포스뱅크","KOSDAQ","벤처기업부","5890","-190","-3.13","6070","6070","5880","79141","470475755","57261372550","9721795"
"022100","포스코DX","KOSPI",,"21400","-750","-3.39","22000","22050","21350","224282","4830337575","3253543200600","152034729"
"058430","포스코스틸리온","KOSPI",,"36850","-500","-1.34","37700","37700","36650","7264","268204400","221100000000","6000000"
"009520","포스코엠텍","KOSDAQ GLOBAL","우량기업부","13910","-430","-3.00","14310","14370","13750","477239","6628588385","579249998730","41642703"
"047050","포스코인터내셔널","KOSPI",,"48850","-1750","-3.46","49950","49950","48450","476518","23329584875","8593828193800","175922788"
"003670","포스코퓨처엠","KOSPI",,"141300","-4600","-3.15","143200","143300","140800","249569","35383091550","12568100886000","88946220"
"189690","포시에스","KOSDAQ","벤처기업부","2160","-55","-2.48","2200","2215","2160","149527","325249253","59015453040","27321969"
"318020","포인트모바일","KOSDAQ","벤처기업부","4555","-145","-3.09","4745","4745","4555","11928","54966864","57676648960","12662272"
"256630","포인트엔지니어링","KOSDAQ","벤처기업부","1137","-15","-1.30","1153","1161","1135","11322","12930799","65942670864","57997072"
"331380","포커스에이아이","KOSDAQ","투자주의환기종목(소속부없음)","2250","-5","-0.22","2240","2250","2130","88298","192575745","54539635500","24239838"
"208710","포톤","KOSDAQ","중견기업부","2860","660","30.00","2200","2860","2150","2994168","8174083023","37695177520","13180132"
"472850","폰드그룹","KOSDAQ","중견기업부","9560","-290","-2.94","9800","9810","9390","81919","777420300","309207999480","32343933"
"039980","폴라리스AI","KOSDAQ","중견기업부","2530","-75","-2.88","2605","2605","2505","1911948","4865190811","184130303280","72778776"
"041910","폴라리스AI파마","KOSDAQ","중견기업부","6950","-710","-9.27","7600","7600","6920","788060","5658408565","93836168650","13501607"
"234100","폴라리스세원","KOSDAQ","우량기업부","1190","-34","-2.78","1225","1225","1171","470733","559577155","83502956880","70170552"
"041020","폴라리스오피스","KOSDAQ","벤처기업부","5430","-160","-2.86","5580","5630","5400","576202","3150510935","270009454140","49725498"
"114630","폴라리스우노","KOSDAQ","우량기업부","493","-3","-0.60","493","495","489","72307","35461325","43358141164","87947548"
"290720","푸드나무","KOSDAQ","투자주의환기종목(소속부없음)","2035","-35","-1.69","2070","2140","2005","23687","47986460","59797038290","29384294"
"005670","푸드웰","KOSDAQ","우량기업부","7350","-70","-0.94","7380","7400","7270","39283","287613970","73500000000","10000000"
"094940","푸른기술","KOSDAQ","벤처기업부","8260","20","0.24","8210","8410","8160","165450","1366972710","69065048360","8361386"
"057880","푸른소나무","KOSDAQ","관리종목(소속부없음)","8790","0","0.00","0","0","0","0","0","216061434720","24580368"
"007330","푸른저축은행","KOSDAQ","우량기업부","10110","100","1.00","10010","10990","9930","329805","3436155060","152487108000","15082800"
"017810","풀무원","KOSPI",,"14110","-180","-1.26","14200","14370","13910","178422","2517837760","537880847620","38120542"
"093380","풍강","KOSDAQ","중견기업부","2935","-15","-0.51","2915","2940","2915","5511","16138940","28995783655","9879313"
"023900","풍국주정","KOSDAQ","우량기업부","9120","0","0.00","9110","9120","9000","12010","108736740","114912000000","12600000"
"103140","풍산","KOSPI",,"123200","-5700","-4.42","130100","130300","122400","241230","30151591800","3452591049600","28024278"
"005810","풍산홀딩스","KOSPI",,"40000","-1050","-2.56","41500","41500","39750","23125","930069150","576691680000","14417292"
"371950","풍원정밀","KOSDAQ","기술성장기업부","10360","-190","-1.80","10550","10550","10170","38758","397234520","234783997280","22662548"
"370090","퓨런티어","KOSDAQ","기술성장기업부","13110","-340","-2.53","13390","13390","12980","47761","626692080","112180041300","8556830"
"445180","퓨릿","KOSDAQ","중견기업부","7350","-330","-4.30","7620","7620","7300","110969","820455275","126340531800","17189188"
"151910","퓨처코어","KOSDAQ","관리종목(소속부없음)","640","0","0.00","0","0","0","0","0","121645902080","190071722"
"341170","퓨쳐메디신","KONEX","일반기업부","1310","-39","-2.89","1310","1310","1211","370","472535","13798498550","10533205"
"220100","퓨쳐켐","KOSDAQ","기술성장기업부","17590","-30","-0.17","17400","17810","17300","203850","3566265660","388776906450","22102155"
"035200","프럼파스트","KOSDAQ","벤처기업부","3740","-80","-2.09","3820","3820","3700","52144","194601720","36392406600","9730590"
"334970","프레스티지바이오로직스","KOSDAQ","기술성장기업부","3420","-90","-2.56","3510","3515","3385","135132","461407750","265914018540","77752637"
"950210","프레스티지바이오파마","KOSPI",,"13410","-280","-2.05","13670","13670","13200","107293","1437908380","805889438550","60096155"
"321260","프로이천","KOSDAQ","벤처기업부","2070","-125","-5.69","2195","2195","2070","482428","1016961058","58357613880","28192084"
"296160","프로젠","KONEX","일반기업부","6000","130","2.21","5810","6050","5770","9574","56143990","92250474000","15375079"
"053610","프로텍","KOSDAQ","우량기업부","30050","-1050","-3.38","31200","31200","29800","29663","897975775","330550000000","11000000"
"468530","프로티나","KOSDAQ","기술성장기업부","41400","-1350","-3.16","42750","47000","40900","776573","34156404275","450100427400","10871991"
"303360","프로티아","KOSDAQ","기술성장기업부","4650","-115","-2.41","4885","4885","4515","72159","332945825","59879049750","12877215"
"377220","프롬바이오","KOSDAQ","기술성장기업부","1605","-39","-2.37","1630","1644","1596","149636","241141645","45437550000","28310000"
"335810","프리시젼바이오","KOSDAQ","기술성장기업부","3200","50","1.59","3150","3300","3120","40032","127050016","37166483200","11614526"
"053160","프리엠스","KOSDAQ","중견기업부","7850","150","1.95","7700","7850","7480","26202","200431870","47100000000","6000000"
"405000","플라즈맵","KOSDAQ","관리종목(소속부없음)","8700","450","5.45","8550","9180","8130","59763","527043450","33394462800","3838444"
"041590","플래스크","KOSDAQ","관리종목(소속부없음)","2370","0","0.00","0","0","0","0","0","116064014460","48972158"
"367000","플래티어","KOSDAQ","벤처기업부","4585","-150","-3.17","4735","4735","4515","2868","13169215","38459929095","8388207"
"075130","플랜티넷","KOSDAQ","벤처기업부","2830","5","0.18","2825","2850","2750","71598","199667034","47041165600","16622320"
"222670","플럼라인생명과학","KONEX","일반기업부","5930","-60","-1.00","5990","5990","5810","260","1522510","21925902220","3697454"
"009810","플레이그램","KOSPI",,"324","-3","-0.92","327","327","321","143886","46509537","49211550000","151887500"
"237820","플레이디","KOSDAQ","중견기업부","5220","-80","-1.51","5260","5300","5140","82697","429730300","66957670800","12827140"
"023770","플레이위드","KOSDAQ","중견기업부","5640","-70","-1.23","5660","6070","5600","163436","946614370","49444864800","8766820"
"019570","플루토스","KOSDAQ","중견기업부","297","-5","-1.66","300","302","295","232026","68968127","19931682474","67110042"
"300080","플리토","KOSDAQ","기술성장기업부","10200","-520","-4.85","10770","10770","10160","135799","1401270560","168355600200","16505451"
"033790","피노","KOSDAQ","중견기업부","3810","-200","-4.99","4010","4010","3800","269116","1039102866","259222193010","68037321"
"032580","피델릭스","KOSDAQ","중견기업부","1250","-31","-2.42","1284","1315","1249","922069","1169815984","41415080000","33132064"
"051380","피씨디렉트","KOSDAQ","중견기업부","2320","-60","-2.52","2370","2400","2305","144277","336114575","35588967040","15340072"
"241820","피씨엘","KOSDAQ","관리종목(소속부없음)","302","0","0.00","0","0","0","0","0","17869934034","59171967"
"452450","피아이이","KOSDAQ","벤처기업부","7880","-410","-4.95","8160","8280","7850","446463","3573846545","282722580000","35878500"
"237750","피앤씨테크","KOSDAQ","벤처기업부","4200","-195","-4.44","4350","4390","4130","59587","250802849","27285720000","6496600"
"460940","피앤에스로보틱스","KOSDAQ","기술성장기업부","14500","-820","-5.35","15400","15760","14250","120141","1788885605","93840230000","6471740"
"319660","피에스케이","KOSDAQ GLOBAL","우량기업부","31250","-1150","-3.55","31600","32100","30550","536646","16788878725","905209812500","28966714"
"031980","피에스케이홀딩스","KOSDAQ","우량기업부","45000","-2650","-5.56","46250","47250","44350","426983","19415534625","970307775000","21562395"
"002230","피에스텍","KOSDAQ","중견기업부","4190","-75","-1.76","4265","4270","4175","11266","47366645","80757305800","19273820"
"043370","피에이치에이","KOSDAQ","우량기업부","11090","10","0.09","11120","11180","10920","26138","288172410","232890000000","21000000"
"239890","피엔에이치테크","KOSDAQ","기술성장기업부","5770","-370","-6.03","6210","6210","5740","146206","858127345","57329306350","9935755"
"347740","피엔케이피부임상연구센타","KOSDAQ","벤처기업부","2780","-40","-1.42","2815","2825","2740","95708","265404465","83429401280","30010576"
"137400","피엔티","KOSDAQ GLOBAL","우량기업부","35100","-1750","-4.75","36400","36600","35050","149516","5300959725","833382318600","23743086"
"257370","피엔티엠에스","KOSDAQ","벤처기업부","3395","5","0.15","3450","3600","3000","210543","715294150","42454003095","12504861"
"147760","피엠티","KOSDAQ","벤처기업부","2740","-150","-5.19","2855","2860","2735","21866","60506290","29646432840","10819866"
"128660","피제이메탈","KOSDAQ","중견기업부","2840","0","0.00","2830","2840","2805","30290","85220230","70441567960","24803369"
"006140","피제이전자","KOSDAQ","우량기업부","5160","-70","-1.34","5230","5230","5100","26696","137045615","77400000000","15000000"
"376180","피코그램","KOSDAQ","벤처기업부","3055","-85","-2.71","3155","3155","3010","153630","470073744","56703971090","18561038"
"304840","피플바이오","KOSDAQ","투자주의환기종목(소속부없음)","1601","-29","-1.78","1630","1653","1597","60747","97950877","33986525911","21228311"
"087600","픽셀플러스","KOSDAQ","벤처기업부","6430","0","0.00","6470","6470","6280","3523","22403680","52510967940","8166558"
"291810","핀텔","KOSDAQ","기술성장기업부","2240","-5","-0.22","2245","2260","2225","22048","49293580","25465914880","11368712"
"378340","필에너지","KOSDAQ","벤처기업부","12840","-480","-3.60","13250","13250","12730","57306","739255350","274492004880","21377882"
"161580","필옵틱스","KOSDAQ","중견기업부","34800","-1900","-5.18","36200","36550","34400","308440","10860456300","814276395600","23398747"
"347770","핌스","KOSDAQ","중견기업부","2015","-50","-2.42","2065","2070","1963","64868","129816959","46056939630","22857042"
"163730","핑거","KOSDAQ","벤처기업부","11890","-530","-4.27","12360","12360","11770","168885","2018832685","111844093520","9406568"
"417180","핑거스토리","KOSDAQ","중견기업부","2255","-95","-4.04","2350","2350","2250","191845","437258702","39572144865","17548623"
"446750","하나26호스팩","KOSDAQ","관리종목(소속부없음)","2110","0","0.00","2110","2115","2105","112070","236455535","12723300000","6030000"
"448370","하나27호스팩","KOSDAQ","SPAC(소속부없음)","2105","-5","-0.24","2110","2110","2100","79616","167901586","11830100000","5620000"
"454750","하나28호스팩","KOSDAQ","SPAC(소속부없음)","2215","5","0.23","2195","2235","2175","116637","257594330","15952430000","7202000"
"454640","하나29호스팩","KOSDAQ","SPAC(소속부없음)","2095","0","0.00","2100","2100","2085","3032","6321955","11315095000","5401000"
"469880","하나30호스팩","KOSDAQ","SPAC(소속부없음)","2050","-10","-0.49","2060","2070","2050","39356","80912265","14975250000","7305000"
"469900","하나31호스팩","KOSDAQ","SPAC(소속부없음)","2045","-5","-0.24","2050","2050","2045","2917","5966740","11462225000","5605000"
"475240","하나32호스팩","KOSDAQ","SPAC(소속부없음)","2100","0","0.00","2095","2115","2095","27172","57332490","6720000000","3200000"
"475250","하나33호스팩","KOSDAQ","SPAC(소속부없음)","2090","-5","-0.24","2085","2090","2080","2258","4698840","7733000000","3700000"
"484130","하나34호스팩","KOSDAQ","SPAC(소속부없음)","2030","-5","-0.25","2035","2035","2025","4177","8488330","9175600000","4520000"
"0041L0","하나35호스팩","KOSDAQ","SPAC(소속부없음)","1998","-1","-0.05","1997","2000","1996","10441","20846636","12047940000","6030000"
"086790","하나금융지주","KOSPI",,"87100","-1800","-2.02","89100","89100","87000","664147","58252836050","24799450731900","284723889"
"299030","하나기술","KOSDAQ","벤처기업부","24900","-1450","-5.50","26300","26300","24600","77796","1946882200","199073259000","7994910"
"067310","하나마이크론","KOSDAQ","중견기업부","21850","400","1.86","21100","22500","20950","1983213","43381908025","1448042085650","66271949"
"166090","하나머티리얼즈","KOSDAQ GLOBAL","우량기업부","39500","-1650","-4.01","40200","40750","38800","295659","11748069825","781218123000","19777674"
"293480","하나제약","KOSPI",,"11980","-200","-1.64","12180","12180","11970","13387","160723965","212919893080","17772946"
"039130","하나투어","KOSPI",,"49600","-500","-1.00","50000","50200","49200","112238","5563758600","768300627200","15489932"
"136480","하림","KOSDAQ","중견기업부","2985","-5","-0.17","2990","2995","2960","369048","1096937498","317035960470","106209702"
"003380","하림지주","KOSDAQ GLOBAL","우량기업부","7460","-160","-2.10","7570","7630","7410","270369","2021141485","835561932660","112005621"
"450330","하스","KOSDAQ","기술성장기업부","6920","-150","-2.12","7070","7080","6920","20248","141286800","56652953560","8186843"
"101670","하이드로리튬","KOSDAQ","투자주의환기종목(소속부없음)","2450","-85","-3.35","2570","2670","2400","2439717","6057470669","132716426500","54169970"
"365590","하이딥","KOSDAQ","기술성장기업부","509","-12","-2.30","521","526","506","94711","48642428","78784605026","154783114"
"149980","하이로닉","KOSDAQ","관리종목(소속부없음)","5090","0","0.00","0","0","0","0","0","94645307670","18594363"
"013030","하이록코리아","KOSDAQ","우량기업부","33500","-1150","-3.32","34500","34550","33150","110953","3737728900","411897307000","12295442"
"352820","하이브","KOSPI",,"268500","-3000","-1.10","273000","276000","267000","219494","59273328250","11183588044500","41652097"
"126700","하이비젼시스템","KOSDAQ","우량기업부","15850","-600","-3.65","16450","16450","15760","70305","1126263265","236832475200","14942112"
"071090","하이스틸","KOSPI",,"4230","-65","-1.51","4310","4380","4210","400405","1712197308","85409922330","20191471"
"450050","하이제8호스팩","KOSDAQ","SPAC(소속부없음)","2090","-10","-0.48","2090","2100","2090","1616","3377730","10479260000","5014000"
"160190","하이젠알앤엠","KOSDAQ","중견기업부","42750","550","1.30","44250","46300","41550","597572","26338467275","1320462000000","30888000"
"221840","하이즈항공","KOSDAQ","투자주의환기종목(소속부없음)","2325","-65","-2.72","2390","2390","2285","64597","149182535","43478804325","18700561"
"106190","하이텍팜","KOSDAQ","우량기업부","13110","-150","-1.13","13190","13190","12980","23462","305732670","139400898030","10633173"
"000080","하이트진로","KOSPI",,"18980","-30","-0.16","19000","19010","18950","104619","1984693015","1331135936780","70133611"
"000087","하이트진로2우B","KOSPI",,"15460","-20","-0.13","15560","15560","15420","876","13531300","17471933480","1130138"
"000140","하이트진로홀딩스","KOSPI",,"9910","-80","-0.80","10000","10000","9880","19020","188417955","229979041150","23206765"
"000145","하이트진로홀딩스우","KOSPI",,"11170","-230","-2.02","11210","11210","11170","397","4441950","5258947700","470810"
"065650","하이퍼코퍼레이션","KOSDAQ","관리종목(소속부없음)","3880","180","4.86","3700","4050","3700","241760","909827035","51740638080","13335216"
"066130","하츠","KOSDAQ","우량기업부","4625","-40","-0.86","4665","4665","4600","26535","122514283","59200000000","12800000"
"152550","한국ANKOR유전","KOSPI",,"238","0","0.00","240","243","237","595664","142623323","16664760000","70020000"
"004590","한국가구","KOSDAQ","중견기업부","5130","-60","-1.16","5170","5170","5080","30581","156380405","76950000000","15000000"
"036460","한국가스공사","KOSPI",,"38700","-450","-1.15","38800","38850","38300","204464","7879799625","3572513100000","92313000"
"039340","한국경제TV","KOSDAQ","우량기업부","5530","10","0.18","5520","5560","5450","8163","44869070","124425000000","22500000"
"005430","한국공항","KOSPI",,"68300","0","0.00","67500","69700","67100","9012","615388950","216262046500","3166355"
"071050","한국금융지주","KOSPI",,"142000","-5000","-3.40","147900","147900","141100","210275","30060457200","7913090864000","55725992"
"071055","한국금융지주우","KOSPI",,"104000","-3000","-2.80","107900","108000","104000","19046","1998371350","609258104000","5858251"
"034950","한국기업평가","KOSDAQ","우량기업부","96600","-400","-0.41","96900","97000","96100","1061","102202200","438613652400","4540514"
"010040","한국내화","KOSPI",,"2235","0","0.00","2235","2295","2185","53677","119244400","91784883570","41067062"
"025540","한국단자","KOSPI",,"61200","-600","-0.97","61800","62000","60700","23354","1426672900","619038000000","10115000"
"222980","한국맥널티","KOSDAQ","벤처기업부","3605","-10","-0.28","3615","3640","3515","36047","128188263","39768496215","11031483"
"010100","한국무브넥스","KOSPI",,"4015","-135","-3.25","4105","4120","3990","267134","1076542081","122258436300","30450420"
"331660","한국미라클피플사","KONEX","일반기업부","7820","0","0.00","0","0","0","0","0","8602000000","1100000"
"256840","한국비엔씨","KOSDAQ","벤처기업부","5000","-60","-1.19","5100","5120","4915","574168","2865530238","341974430000","68394886"
"219750","한국비티비","KOSDAQ","중견기업부","1030","-3","-0.29","1034","1039","1005","64683","66565778","67389691550","65426885"
"004090","한국석유","KOSPI",,"14250","-170","-1.18","14530","14590","14080","90584","1299946835","180891210000","12694120"
"025550","한국선재","KOSDAQ","우량기업부","3990","-105","-2.56","4070","4080","3925","384314","1528009731","101800875960","25514004"
"002200","한국수출포장","KOSPI",,"2910","-15","-0.51","2935","2935","2900","80512","233980870","116400000000","40000000"
"002960","한국쉘석유","KOSPI",,"406000","-1000","-0.25","404000","407000","403500","1076","435573250","527800000000","1300000"
"017890","한국알콜","KOSDAQ","우량기업부","8870","-220","-2.42","9050","9080","8840","52606","470126340","188695998220","21273506"
"000240","한국앤컴퍼니","KOSPI",,"22550","-300","-1.31","22650","22700","22250","64704","1452222800","2140789662000","94935240"
"080720","한국유니온제약","KOSDAQ","관리종목(소속부없음)","2725","0","0.00","0","0","0","0","0","21562456300","7912828"
"123890","한국자산신탁","KOSPI",,"2280","-25","-1.08","2305","2305","2270","251049","573395851","279012551280","122373926"
"015760","한국전력","KOSPI",,"36200","200","0.56","36100","36700","35850","1472003","53300874500","23239099587400","641964077"
"041460","한국전자인증","KOSDAQ","중견기업부","3920","-150","-3.69","4070","4080","3895","137136","542788506","74480000000","19000000"
"006200","한국전자홀딩스","KOSPI",,"710","-28","-3.79","739","741","703","455868","324079408","33230226560","46803136"
"101680","한국정밀기계","KOSDAQ","중견기업부","2360","-70","-2.88","2465","2465","2355","93957","223960805","19833440000","8404000"
"039740","한국정보공학","KOSDAQ","벤처기업부","2915","-55","-1.85","2970","2975","2915","39338","115851865","23373627255","8018397"
"053300","한국정보인증","KOSDAQ","우량기업부","6580","-300","-4.36","6870","6870","6530","565169","3751491185","279264155380","42441361"
"025770","한국정보통신","KOSDAQ","우량기업부","8700","-200","-2.25","9030","9040","8700","27288","241339135","325765157700","37444271"
"458610","한국제12호스팩","KOSDAQ","SPAC(소속부없음)","2110","-5","-0.24","2115","2115","2095","562","1177555","8925300000","4230000"
"464440","한국제13호스팩","KOSDAQ","SPAC(소속부없음)","2115","0","0.00","2100","2115","2100","1096","2312460","9136800000","4320000"
"479880","한국제15호스팩","KOSDAQ","SPAC(소속부없음)","2040","0","0.00","2040","2040","2030","11823","24021065","14014800000","6870000"
"027970","한국제지","KOSPI",,"805","0","0.00","806","812","803","53888","43443082","153093480785","190178237"
"023350","한국종합기술","KOSPI",,"4730","30","0.64","4700","5570","4645","1507394","7684761283","51793500000","10950000"
"025890","한국주강","KOSPI",,"1923","-38","-1.94","1961","1961","1915","42230","81560717","21747705057","11309259"
"000970","한국주철관","KOSPI",,"6880","-40","-0.58","6920","6920","6780","49875","340925265","156867440000","22800500"
"104700","한국철강","KOSPI",,"10020","-140","-1.38","10200","10200","10000","34575","349047625","365229000000","36450000"
"062970","한국첨단소재","KOSDAQ","중견기업부","3930","-360","-8.39","4150","4195","3920","1904321","7604451260","77565694740","19736818"
"017960","한국카본","KOSPI",,"32100","-350","-1.08","32400","32550","31300","261642","8327553900","1666261309200","51908452"
"023760","한국캐피탈","KOSDAQ","우량기업부","798","-10","-1.24","808","809","795","169244","135235149","251856441648","315609576"
"054040","한국컴퓨터","KOSDAQ","우량기업부","4980","-50","-0.99","5080","5080","4945","57916","287909762","80035024200","16071290"
"161890","한국콜마","KOSPI",,"77800","-500","-0.64","78700","78800","77000","171559","13307298500","1836474990600","23605077"
"021650","한국큐빅","KOSDAQ","중견기업부","2360","-45","-1.87","2400","2405","2335","14950","35210490","38587328680","16350563"
"161390","한국타이어앤테크놀로지","KOSPI",,"38100","-400","-1.04","38250","38400","37650","336036","12736227450","4719640128900","123875069"
"034830","한국토지신탁","KOSPI",,"1380","-19","-1.36","1398","1398","1360","982924","1357178520","348435137400","252489230"
"007280","한국특강","KOSPI",,"1592","2","0.13","1588","1600","1574","26466","42005623","96814791112","60813311"
"032300","한국파마","KOSDAQ","중견기업부","13900","-190","-1.35","14090","14100","13830","16030","223178805","151603143900","10906701"
"037230","한국팩키지","KOSDAQ","중견기업부","2030","-40","-1.93","2110","2110","2030","37131","76340940","60494663810","29800327"
"448900","한국피아이엠","KOSDAQ","기술성장기업부","16770","320","1.95","16200","17420","15920","1186243","20068034960","100694743890","6004457"
"047810","한국항공우주","KOSPI",,"107100","-2400","-2.19","110200","110900","105500","591209","63789339550","10439583959700","97475107"
"123690","한국화장품","KOSPI",,"11060","100","0.91","10910","11060","10760","185381","2018556250","177712080000","16068000"
"003350","한국화장품제조","KOSPI",,"58100","-300","-0.51","58100","58100","56900","20872","1199805000","263309200000","4532000"
"030520","한글과컴퓨터","KOSDAQ GLOBAL","우량기업부","25200","-1000","-3.82","26150","26250","25050","170344","4325508675","609329548800","24179744"
"052600","한네트","KOSDAQ","중견기업부","4340","-80","-1.81","4410","4425","4320","46671","202851280","50186458000","11563700"
"011500","한농화성","KOSPI",,"13920","-350","-2.45","14140","14270","13850","56290","785749145","217667624640","15637042"
"002390","한독","KOSPI",,"11830","230","1.98","11800","11970","11650","22040","260013950","162822595390","13763533"
"256150","한독크린텍","KOSDAQ","벤처기업부","5890","0","0.00","5840","5890","5770","7105","41241070","49446550000","8395000"
"092460","한라IMS","KOSDAQ","우량기업부","14400","-640","-4.26","15020","15030","14150","375266","5432578155","246379392000","17109680"
"125490","한라캐스트","KOSDAQ","벤처기업부","8500","-220","-2.52","8720","9000","8370","10545135","92075211725","310269992000","36502352"
"053690","한미글로벌","KOSPI",,"21750","-1600","-6.85","22900","22950","21350","391701","8605189625","238326712500","10957550"
"042700","한미반도체","KOSPI",,"89800","-4300","-4.57","92900","93000","89500","684177","62011143200","8559035560000","95312200"
"008930","한미사이언스","KOSPI",,"38700","-350","-0.90","38950","39300","38350","147099","5693757500","2646752985000","68391550"
"128940","한미약품","KOSPI",,"377000","2000","0.53","373500","387500","373500","112971","42832126750","4829743607000","12810991"
"452190","한빛레이저","KOSDAQ","벤처기업부","4760","-190","-3.84","4915","4960","4710","115532","556296474","111224811320","23366557"
"047080","한빛소프트","KOSDAQ","중견기업부","1310","-6","-0.46","1316","1326","1306","17651","23162748","32517294220","24822362"
"009240","한샘","KOSPI",,"44800","-500","-1.10","45100","45300","44400","18059","806307400","1054319974400","23533928"
"452280","한선엔지니어링","KOSDAQ","중견기업부","10500","-610","-5.49","11000","11640","10400","607178","6671803275","181378575000","17274150"
"020000","한섬","KOSPI",,"15200","-290","-1.87","15570","15570","15100","44756","681443360","341053754400","22437747"
"003680","한성기업","KOSPI",,"5370","-110","-2.01","5490","5580","5350","35961","194329555","33345095550","6209515"
"066980","한성크린텍","KOSDAQ","중견기업부","1230","-53","-4.13","1290","1290","1228","125547","155408871","63880203750","51935125"
"105630","한세실업","KOSPI",,"10620","-300","-2.75","10700","10840","10580","122003","1299519345","424800000000","40000000"
"069640","한세엠케이","KOSPI",,"795","-6","-0.75","801","802","780","72370","56923059","35621169090","44806502"
"016450","한세예스24홀딩스","KOSPI",,"4050","-85","-2.06","4135","4135","4015","23940","96842157","162000000000","40000000"
"009180","한솔로지스틱스","KOSPI",,"2800","-65","-2.27","2865","2865","2785","67080","187848314","78836310000","28155825"
"114810","한솔아이원스","KOSDAQ","우량기업부","12860","-440","-3.31","12960","13150","12630","427809","5473549310","367708217640","28593174"
"070590","한솔인티큐브","KOSDAQ","중견기업부","1927","99","5.42","1822","1929","1817","91198","172175119","26745836967","13879521"
"213500","한솔제지","KOSPI",,"8710","20","0.23","8690","8750","8660","95318","828975925","207303016960","23800576"
"014680","한솔케미칼","KOSPI",,"205000","-7500","-3.53","208500","208500","200000","73437","15060665932","2323714975000","11335195"
"004710","한솔테크닉스","KOSPI",,"6570","840","14.66","5730","7130","5660","6545074","43108528765","210961898460","32109878"
"004150","한솔홀딩스","KOSPI",,"3215","-35","-1.08","3250","3260","3195","105249","338536245","131900583300","41026620"
"025750","한솔홈데코","KOSPI",,"677","-3","-0.44","680","680","670","170590","114886953","54542605873","80565149"
"042520","한스바이오메드","KOSDAQ","벤처기업부","13160","-4930","-27.25","18100","18100","12710","2232896","31804221830","178006989720","13526367"
"004960","한신공영","KOSPI",,"7670","-50","-0.65","7700","7730","7540","16700","127319880","88747284340","11570702"
"011700","한신기계","KOSPI",,"3455","-230","-6.24","3685","3690","3435","836294","2943765324","112101451705","32446151"
"430690","한싹","KOSDAQ","벤처기업부","5900","-460","-7.23","6350","6360","5890","659910","3994692045","64282429300","10895327"
"078350","한양디지텍","KOSDAQ","우량기업부","14980","-800","-5.07","15510","15590","14650","361669","5450017415","228360842360","15244382"
"045100","한양이엔지","KOSDAQ","우량기업부","19120","-580","-2.94","19730","19800","19060","47887","921683670","344160000000","18000000"
"001750","한양증권","KOSPI",,"17610","-290","-1.62","17910","17910","17430","51611","907229625","224149483740","12728534"
"001755","한양증권우","KOSPI",,"16710","-510","-2.96","17210","17210","16650","2518","42310095","8772750000","525000"
"018880","한온시스템","KOSPI",,"3070","-50","-1.60","3100","3110","3045","618282","1894533173","2083801034640","678762552"
"009420","한올바이오파마","KOSPI",,"30700","-650","-2.07","31100","31500","30400","259565","7990414100","1603787586600","52240638"
"320000","한울반도체","KOSDAQ","중견기업부","2235","-10","-0.45","2230","2245","2160","195352","429456990","72210592650","32308990"
"091440","한울소재과학","KOSDAQ","투자주의환기종목(소속부없음)","2440","-50","-2.01","2505","2525","2395","86001","209118855","69698126640","28564806"
"276730","한울앤제주","KOSDAQ","기술성장기업부","2005","-40","-1.96","2055","2060","1991","50388","101013460","31433098780","15677356"
"014130","한익스프레스","KOSPI",,"3155","-45","-1.41","3160","3185","3100","19834","62372919","37860000000","12000000"
"024740","한일단조","KOSDAQ","우량기업부","2180","-10","-0.46","2190","2220","2145","207733","451686720","71715566820","32897049"
"005860","한일사료","KOSDAQ","우량기업부","3305","-55","-1.64","3360","3365","3290","166830","552307495","130229178925","39403685"
"300720","한일시멘트","KOSPI",,"19190","-180","-0.93","19230","19390","19030","49966","957020825","1329128952600","69261540"
"002220","한일철강","KOSPI",,"3470","-15","-0.43","3490","3500","3350","128209","437177170","92640186200","26697460"
"006390","한일현대시멘트","KOSPI",,"18690","-140","-0.74","18800","18950","18640","16583","311227515","361234189680","19327672"
"003300","한일홀딩스","KOSPI",,"16370","40","0.24","16330","16390","16220","9523","154962520","504734311080","30832884"
"007770","한일화학","KOSDAQ","중견기업부","8980","40","0.45","8940","9140","8870","2495","22284405","31519800000","3510000"
"051600","한전KPS","KOSPI",,"47500","-1300","-2.66","48550","48550","47000","186632","8883901425","2137500000000","45000000"
"052690","한전기술","KOSPI",,"85000","-1800","-2.07","86000","86200","84100","151991","12899811300","3248700000000","38220000"
"130660","한전산업","KOSPI",,"11610","-240","-2.03","11790","11800","11500","88669","1030730865","378486000000","32600000"
"198940","한주라이트메탈","KOSDAQ","중견기업부","703","2","0.29","698","706","683","90067","62230092","27362853534","38922978"
"058450","한주에이알티","KOSDAQ","투자주의환기종목(소속부없음)","1100","-24","-2.14","1124","1279","1050","478013","559070226","16272983100","14793621"
"107640","한중엔시에스","KOSDAQ","기술성장기업부","34800","-350","-1.00","35350","36450","34050","97008","3376975625","315460120800","9064946"
"002320","한진","KOSPI",,"20050","0","0.00","19920","20100","19830","35774","713493040","305461950500","15235010"
"003480","한진중공업홀딩스","KOSPI",,"5060","-70","-1.36","5130","5180","5000","148294","748608750","149420848720","29529812"
"180640","한진칼","KOSPI",,"99600","-1900","-1.87","100500","101600","98400","58989","5859289450","6649522988400","66762279"
"18064K","한진칼우","KOSPI",,"32650","-1650","-4.81","33950","34450","32600","4804","158719125","17525409900","536766"
"005110","한창","KOSPI",,"1254","0","0.00","0","0","0","0","0","26467434378","21106407"
"079170","한창산업","KOSDAQ","중견기업부","7220","-160","-2.17","7450","7450","7200","13749","99767350","37544000000","5200000"
"009460","한창제지","KOSPI",,"612","-9","-1.45","621","624","612","49279","30472169","36516501432","59667486"
"372910","한컴라이프케어","KOSPI",,"2795","-30","-1.06","2825","2835","2765","94404","263984910","77349964770","27674406"
"054920","한컴위드","KOSDAQ","중견기업부","4880","0","0.00","4880","5450","4720","9409924","48792644414","137699355280","28217081"
"457370","한켐","KOSDAQ","중견기업부","9480","-340","-3.46","9780","10000","9460","74160","709330265","76097230320","8027134"
"002680","한탑","KOSDAQ","중견기업부","730","-10","-1.35","739","758","727","95040","69760979","23591263270","32316799"
"098070","한텍","KOSDAQ","중견기업부","43100","-1600","-3.58","44700","45200","42500","193959","8423037900","479321177100","11121141"
"000880","한화","KOSPI",,"83100","-2700","-3.15","86700","86800","82400","169600","14228182400","6229070878500","74958735"
"00088K","한화3우B","KOSPI",,"36100","-1250","-3.35","37350","37500","35800","42220","1535667050","700500320100","19404441"
"452260","한화갤러리아","KOSPI",,"1118","-2","-0.18","1120","1120","1100","375238","416200274","216735043980","193859610"
"45226K","한화갤러리아우","KOSPI",,"2210","-10","-0.45","2230","2230","2200","4200","9271725","6418878700","2904470"
"451800","한화리츠","KOSPI",,"4020","-25","-0.62","4055","4055","3980","272905","1095975791","721992000000","179600000"
"489790","한화비전","KOSPI",,"53000","-2400","-4.33","54300","55100","52000","545159","28935691950","2675884670000","50488390"
"088350","한화생명","KOSPI",,"3120","-40","-1.27","3170","3175","3105","1094058","3416425800","2709813600000","868530000"
"000370","한화손해보험","KOSPI",,"5550","-110","-1.94","5670","5670","5500","578236","3216004725","647900978250","116738915"
"009830","한화솔루션","KOSPI",,"28700","-500","-1.71","28950","29300","28550","601757","17343802250","4933315783200","171892536"
"009835","한화솔루션우","KOSPI",,"22500","-500","-2.17","23000","23050","22050","6301","142049350","57945352500","2575349"
"272210","한화시스템","KOSPI",,"57900","-1600","-2.69","59700","60100","57600","873375","51086262500","10938432623100","188919389"
"012450","한화에어로스페이스","KOSPI",,"1044000","-4000","-0.38","1052000","1070000","1025000","192038","200768593756","53832190644000","51563401"
"082740","한화엔진","KOSPI",,"41950","-1700","-3.89","43650","43850","41300","1116857","47001267675","3500607606900","83447142"
"042660","한화오션","KOSPI",,"107000","-2600","-2.37","109800","110200","105100","1368632","146579420750","32786233158000","306413394"
"003530","한화투자증권","KOSPI",,"5290","-110","-2.04","5450","5480","5220","2066248","10975303235","1134957729750","214547775"
"003535","한화투자증권우","KOSPI",,"6960","-300","-4.13","7300","7350","6960","24666","175827715","33408000000","4800000"
"455310","한화플러스제4호스팩","KOSDAQ","SPAC(소속부없음)","2070","0","0.00","2065","2075","2065","1817","3758789","10474200000","5060000"
"498390","한화플러스제5호스팩","KOSDAQ","SPAC(소속부없음)","2010","5","0.25","2005","2010","2000","39399","78845762","9969600000","4960000"
"195870","해성디에스","KOSPI",,"28300","-1600","-5.35","29300","29450","28000","206639","5891907225","481100000000","17000000"
"034810","해성산업","KOSDAQ","중견기업부","8150","-430","-5.01","8610","8640","8050","111277","928772195","265338384550","32556857"
"03481K","해성산업1우","KOSDAQ","중견기업부","7880","-160","-1.99","8000","8100","7800","4254","33666690","10944705360","1388922"
"059270","해성에어로보틱스","KOSDAQ","기술성장기업부","6680","40","0.60","6680","7450","6630","1315008","9261719795","74584197320","11165299"
"076610","해성옵틱스","KOSDAQ","벤처기업부","553","-7","-1.25","558","562","547","177624","97922233","24840468569","44919473"
"101530","해태제과식품","KOSPI",,"6620","0","0.00","6580","6630","6550","28125","185470205","192753361640","29116822"
"220180","핸디소프트","KOSDAQ","벤처기업부","2595","-55","-2.08","2700","2700","2545","43691","112453275","62100534990","23930842"
"143210","핸즈코퍼레이션","KOSPI",,"1612","0","0.00","1634","1634","1600","6213","10000786","35263704164","21875747"
"900270","헝셩그룹","KOSDAQ","외국기업(소속부없음)","237","-1","-0.42","239","241","234","2559518","607424153","44567148480","188047040"
"214180","헥토이노베이션","KOSDAQ","우량기업부","17140","-480","-2.72","17700","17750","17100","63012","1093916835","224955866820","13124613"
"234340","헥토파이낸셜","KOSDAQ","우량기업부","19290","790","4.27","18540","20650","18310","6970764","135811620945","269493954240","13970656"
"084990","헬릭스미스","KOSDAQ","기술성장기업부","6210","-290","-4.46","6450","6540","6200","274082","1736959455","286236269370","46092797"
"187660","현대ADM","KOSDAQ","중견기업부","2385","-70","-2.85","2470","2475","2340","831270","1985648075","120043825785","50332841"
"000720","현대건설","KOSPI",,"54800","-1100","-1.97","55400","56000","54600","458658","25254421900","6102295922000","111355765"
"000725","현대건설우","KOSPI",,"49900","-700","-1.38","50500","50500","49500","4667","233193150","52629180700","1054693"
"170030","현대공업","KOSDAQ","우량기업부","5870","-170","-2.81","5990","6020","5860","88007","520174330","90045800000","15340000"
"453340","현대그린푸드","KOSPI",,"15160","-40","-0.26","15200","15330","15020","53499","808836075","497541285360","32819346"
"086280","현대글로비스","KOSPI",,"168500","-1300","-0.77","168000","169000","166600","189798","31819555650","12637500000000","75000000"
"064350","현대로템","KOSPI",,"212500","-6000","-2.75","218500","220500","209500","527409","112894810250","23192737262500","109142293"
"079430","현대리바트","KOSPI",,"7140","-30","-0.42","7170","7170","7100","34044","242598075","146621913480","20535282"
"012330","현대모비스","KOSPI",,"295000","-6000","-1.99","299000","300000","292500","231752","68467621750","27079552730000","91795094"
"319400","현대무벡스","KOSDAQ","우량기업부","8370","-300","-3.46","8510","8710","8300","2143739","18165176230","932217446430","111376039"
"048410","현대바이오","KOSDAQ","중견기업부","5450","-120","-2.15","5550","5550","5350","404265","2195797480","523423232000","96040960"
"052260","현대바이오랜드","KOSDAQ","우량기업부","4905","-85","-1.70","4935","5090","4870","161780","798960753","147150000000","30000000"
"069960","현대백화점","KOSPI",,"87700","-2000","-2.23","88700","89500","87200","81580","7185901950","1984546900100","22628813"
"004560","현대비앤지스틸","KOSPI",,"11150","-270","-2.36","11440","11440","10500","66631","735038430","168128742650","15078811"
"016790","현대사료","KOSDAQ","관리종목(소속부없음)","994","0","0.00","0","0","0","0","0","187340898626","188471729"
"004310","현대약품","KOSPI",,"3860","-55","-1.40","3920","3945","3810","162790","627450887","123520000000","32000000"
"041440","현대에버다임","KOSDAQ","우량기업부","7440","-190","-2.49","7670","7680","7400","70773","529277430","133294623360","17915944"
"039010","현대에이치티","KOSDAQ","우량기업부","7210","0","0.00","7210","7280","7080","45305","324276290","62186250000","8625000"
"017800","현대엘리베이터","KOSPI",,"80500","-3100","-3.71","82900","82900","80100","164091","13308752300","3146936992500","39092385"
"307950","현대오토에버","KOSPI",,"151700","-4900","-3.13","156800","157000","150600","62226","9497223100","4160218069400","27423982"
"011210","현대위아","KOSPI",,"48500","-1050","-2.12","49100","50200","48050","91581","4439323625","1318961525500","27195083"
"090850","현대이지웰","KOSDAQ","우량기업부","5990","-10","-0.17","5950","6000","5810","66786","392939110","142240702390","23746361"
"004020","현대제철","KOSPI",,"35150","-800","-2.23","35550","35550","34900","248139","8723536350","4690619342750","133445785"
"005440","현대지에프홀딩스","KOSPI",,"7910","-30","-0.38","8030","8100","7840","170529","1350670135","1233203020910","155904301"
"005380","현대차","KOSPI",,"214500","-2500","-1.15","215000","215500","213000","448652","96075331750","43920540807000","204757766"
"005387","현대차2우B","KOSPI",,"166100","-2100","-1.25","168000","168000","166000","114091","19007044000","5807508773000","34963930"
"005389","현대차3우B","KOSPI",,"163200","-2000","-1.21","164600","164600","162900","13072","2135870050","379840166400","2327452"
"005385","현대차우","KOSPI",,"163000","-2300","-1.39","164900","164900","163000","88952","14549568650","3804576480000","23340960"
"001500","현대차증권","KOSPI",,"8320","-160","-1.89","8550","8550","8300","94918","794486980","514450926080","61833044"
"011760","현대코퍼레이션","KOSPI",,"21150","-400","-1.86","21450","21550","21000","55951","1184062850","279792630900","13228966"
"227840","현대코퍼레이션홀딩스","KOSPI",,"12250","-190","-1.53","12450","12450","12070","14647","178715920","111485241000","9100836"
"126560","현대퓨처넷","KOSPI",,"3300","-20","-0.60","3340","3340","3250","44131","144508500","363669718500","110202945"
"001450","현대해상","KOSPI",,"29400","700","2.44","28700","29750","28700","880897","25867236500","2628360000000","89400000"
"057050","현대홈쇼핑","KOSPI",,"55300","-100","-0.18","55400","55400","54700","3281","180770450","663600000000","12000000"
"460930","현대힘스","KOSDAQ","중견기업부","24950","-600","-2.35","25300","25850","24600","454540","11361995325","885222781450","35479871"
"092300","현우산업","KOSDAQ","우량기업부","2950","-90","-2.96","3010","3045","2920","190468","564855505","55084807200","18672816"
"138360","협진","KOSDAQ","중견기업부","781","9","1.17","774","840","755","693760","551234561","40562612684","51936764"
"011080","형지I&C","KOSDAQ","중견기업부","692","-14","-1.98","706","708","681","472148","325169149","29281016736","42313608"
"308100","형지글로벌","KOSDAQ","중견기업부","1838","-86","-4.47","1908","1912","1835","848516","1614764210","44154288704","24023008"
"093240","형지엘리트","KOSPI",,"1579","-11","-0.69","1590","1613","1550","536465","840840651","60618218961","38390259"
"003010","혜인","KOSPI",,"5290","-90","-1.67","5400","5400","5260","68126","362162470","67250431630","12712747"
"111110","호전실업","KOSPI",,"7780","-80","-1.02","7860","7870","7720","43216","335908140","72945280000","9376000"
"008770","호텔신라","KOSPI",,"53200","-800","-1.48","53500","53700","52900","154821","8226033600","2088000037200","39248121"
"008775","호텔신라우","KOSPI",,"41950","-750","-1.76","42700","42700","41950","1047","44144100","31541324050","751879"
"064240","홈캐스트","KOSDAQ","중견기업부","1967","-53","-2.62","2035","2035","1965","94795","188029794","68919769604","35038012"
"039610","화성밸브","KOSDAQ","우량기업부","9210","-300","-3.15","9500","9750","8950","90884","842257335","95879784000","10410400"
"378850","화승알앤에이","KOSPI",,"3310","-30","-0.90","3340","3695","3255","2281964","7976598700","62868892130","18993623"
"241590","화승엔터프라이즈","KOSPI",,"6190","-150","-2.37","6280","6340","6170","140830","873355215","375047618440","60589276"
"006060","화승인더","KOSPI",,"3850","-55","-1.41","3905","3910","3840","112893","436530448","212982000000","55320000"
"013520","화승코퍼레이션","KOSPI",,"2085","5","0.24","2100","2140","1998","586386","1196456432","104356860420","50051252"
"010690","화신","KOSPI",,"7760","-180","-2.27","7940","7940","7740","152440","1188769210","270982381600","34920410"
"126640","화신정공","KOSDAQ","우량기업부","1261","-5","-0.39","1266","1282","1254","76758","97052407","45867471507","36373887"
"133820","화인베스틸","KOSPI",,"1795","-102","-5.38","1850","1895","1759","699468","1263245542","62671534680","34914504"
"127980","화인써키트","KOSDAQ","중견기업부","6410","-170","-2.58","6530","6540","6400","14502","93251880","75898784440","11840684"
"061250","화일약품","KOSDAQ","중견기업부","1130","-44","-3.75","1161","1163","1126","387227","441887491","97762907110","86515847"
"010660","화천기계","KOSPI",,"4600","-45","-0.97","4640","4660","4550","151800","696884018","101200000000","22000000"
"000850","화천기공","KOSPI",,"32300","100","0.31","32100","32400","31600","3225","103345950","71060000000","2200000"
"016580","환인제약","KOSPI",,"10580","-150","-1.40","10770","10770","10520","38166","403959575","196788740600","18600070"
"032560","황금에스티","KOSPI",,"5830","10","0.17","5820","5870","5690","15611","89785080","99110000000","17000000"
"004800","효성","KOSPI",,"85600","-700","-0.81","86100","87900","84000","30243","2600928250","1432978839200","16740407"
"094280","효성ITX","KOSPI",,"12870","-130","-1.00","12860","12990","12830","10435","134335290","148754034000","11558200"
"097870","효성오앤비","KOSDAQ","중견기업부","6250","-50","-0.79","6240","6340","6180","27209","169857650","53062500000","8490000"
"298040","효성중공업","KOSPI",,"1328000","-25000","-1.85","1353000","1362000","1323000","28491","38136610000","12382999744000","9324548"
"298020","효성티앤씨","KOSPI",,"214500","-3500","-1.61","217000","217000","214000","9135","1961938000","928287789000","4327682"
"298000","효성화학","KOSPI",,"38900","0","0.00","0","0","0","0","0","147501447900","3791811"
"093370","후성","KOSPI",,"5830","-230","-3.80","6000","6040","5780","521970","3059109680","625298573900","107255330"
"290270","휴네시온","KOSDAQ","벤처기업부","3935","-135","-3.32","4020","4020","3910","46012","181609565","37806189320","9607672"
"005870","휴니드","KOSPI",,"8160","-270","-3.20","8410","8410","7900","81235","665816075","115186682400","14116015"
"353190","휴럼","KOSDAQ","중견기업부","797","32","4.18","757","799","752","45323","34806721","31384600740","39378420"
"090710","휴림로봇","KOSDAQ","중견기업부","3170","-115","-3.50","3285","3375","3105","7886036","25402745009","378679314490","119457197"
"078590","휴림에이텍","KOSDAQ","벤처기업부","487","-2","-0.41","489","494","482","152446","73918508","27374434606","56210338"
"205470","휴마시스","KOSDAQ","우량기업부","1336","-15","-1.11","1351","1351","1310","763579","1010043304","172845012024","129375009"
"115160","휴맥스","KOSDAQ","중견기업부","985","-5","-0.51","996","996","975","36234","35547785","43310572140","43970124"
"028080","휴맥스홀딩스","KOSDAQ","중견기업부","1782","-31","-1.71","1831","1831","1740","38877","68912727","22413115692","12577506"
"175140","휴먼테크놀로지","KOSDAQ","투자주의환기종목(소속부없음)","5110","-140","-2.67","5250","5250","5060","43246","222154530","126717841320","24798012"
"200670","휴메딕스","KOSDAQ","우량기업부","54900","-2600","-4.52","57300","57300","54400","276533","15320109250","616523157000","11229930"
"079980","휴비스","KOSPI",,"2930","-85","-2.82","3015","3015","2920","70489","208570390","101085000000","34500000"
"065510","휴비츠","KOSDAQ","우량기업부","9220","-280","-2.95","9490","9490","9100","77464","717181110","112109400620","12159371"
"005010","휴스틸","KOSPI",,"3985","-55","-1.36","4040","4045","3965","315822","1261208987","223909478875","56188075"
"263920","휴엠앤씨","KOSDAQ","벤처기업부","4620","-180","-3.75","4760","4810","4415","22606","105245290","45317700120","9809026"
"243070","휴온스","KOSDAQ","우량기업부","29500","-1000","-3.28","30800","30800","29250","35024","1042477450","353400117500","11979665"
"084110","휴온스글로벌","KOSDAQ","중견기업부","44100","-600","-1.34","44550","44750","43100","76797","3350698825","557283762000","12636820"
"145020","휴젤","KOSDAQ GLOBAL","우량기업부","294500","-1000","-0.34","294500","295000","289000","43189","12610386250","3623537718500","12304033"
"024060","흥구석유","KOSDAQ","중견기업부","12480","-150","-1.19","12670","12840","12460","435933","5509080425","187200000000","15000000"
"010240","흥국","KOSDAQ","우량기업부","4995","-45","-0.89","5030","5100","4975","29803","149261730","61551866520","12322696"
"189980","흥국에프엔비","KOSDAQ","우량기업부","1816","6","0.33","1810","1832","1798","79054","143398484","72890293832","40137827"
"000540","흥국화재","KOSPI",,"3980","-40","-1.00","4020","4045","3900","88841","351357447","255685727100","64242645"
"000545","흥국화재우","KOSPI",,"7010","-120","-1.68","7030","7070","7010","3762","26432180","5383680000","768000"
"003280","흥아해운","KOSPI",,"1596","-24","-1.48","1625","1625","1584","806743","1289043266","383718138804","240424899"
"037440","희림","KOSDAQ","우량기업부","4260","-85","-1.96","4310","4310","4240","72319","308893010","59309743500","13922475"
"238490","힘스","KOSDAQ","벤처기업부","3915","-120","-2.97","4090","4095","3825","126093","497471687","44287403940","11312236"